name,pa,xwoba,barrel_batted_rate,hard_hit_percent,k_percent,bb_percent,whiff_percent,SMASH,tier
"Alvarez, Yordan",406,0.468,18.7,53.3,17.7,14.5,19.6,71.2,ELITE
"Soto, Juan",322,0.434,15.2,48.7,12.7,16.8,19.3,69.1,ELITE
"Wood, James",440,0.432,22.8,59.9,28.9,17.5,31.1,68.0,ELITE
"Trout, Mike",345,0.41,20.9,50.5,24.9,19.4,22.9,67.5,ELITE
"Judge, Aaron",261,0.415,21.7,57.3,27.6,16.1,32.2,65.6,ELITE
"Jeffers, Ryan",148,0.389,15.8,43.6,15.5,15.5,16.5,65.0,ELITE
"Vargas, Miguel",396,0.398,14.6,46.1,16.7,14.1,19.9,64.1,ELITE
"Ohtani, Shohei",395,0.411,16.5,52.1,22.8,15.2,28.5,63.9,ELITE
"Witt Jr., Bobby",390,0.393,12.5,53.0,16.7,10.0,24.2,61.7,GREEN
"Smith, Will",201,0.385,13.4,39.4,16.9,11.4,16.4,61.3,GREEN
"Velázquez, Nelson",63,0.407,11.9,66.7,22.2,9.5,34.1,61.1,GREEN
"Kurtz, Nick",412,0.379,18.1,58.3,31.6,18.4,36.8,61.1,GREEN
"Caminero, Junior",398,0.371,13.1,51.5,18.3,12.3,22.6,61.1,GREEN
"Murakami, Munetaka",246,0.379,20.7,58.7,32.5,17.9,41.8,60.8,GREEN
"Eldridge, Bryce",205,0.381,13.2,55.0,24.4,12.7,23.7,60.8,GREEN
"Freeman, Freddie",398,0.386,10.9,45.1,16.1,11.8,21.1,60.7,GREEN
"Grisham, Trent",290,0.353,10.9,47.0,16.9,13.4,16.6,60.2,GREEN
"Harper, Bryce",395,0.396,11.8,46.3,20.5,14.9,30.8,60.1,GREEN
"McGonigle, Kevin",400,0.368,7.8,37.5,13.5,14.8,15.4,59.9,GREEN
"Burleson, Alec",387,0.382,11.0,48.5,15.2,8.0,20.9,59.9,GREEN
"Nimmo, Brandon",372,0.382,13.1,52.5,20.7,8.1,22.5,59.8,GREEN
"Rodríguez, Endy",122,0.366,12.7,46.5,23.8,17.2,25.9,59.7,GREEN
"Rice, Ben",377,0.376,14.9,46.9,23.3,11.9,24.7,59.6,GREEN
"Canzone, Dominic",246,0.38,15.9,48.8,20.7,8.9,28.6,59.3,GREEN
"Schwarber, Kyle",401,0.382,19.7,53.8,34.9,14.5,35.0,59.3,GREEN
"Sánchez, Gary",170,0.376,9.4,38.7,18.2,18.2,26.6,59.3,GREEN
"Baldwin, Drake",306,0.374,15.1,50.3,23.2,9.5,24.8,59.2,GREEN
"Alonso, Pete",406,0.377,12.5,53.7,24.1,12.1,27.5,59.2,GREEN
"Díaz, Yandy",380,0.365,6.8,48.0,13.9,9.7,14.9,59.2,GREEN
"Marte, Ketel",391,0.372,11.1,45.5,13.3,7.4,20.3,59.1,GREEN
"Acuña Jr., Ronald",236,0.378,13.1,43.4,22.0,14.8,29.3,58.9,GREEN
"Mead, Curtis",286,0.361,11.3,43.4,18.9,11.2,17.1,58.9,GREEN
"Olson, Matt",403,0.363,14.2,51.9,23.3,9.9,24.1,58.7,GREEN
"Ramírez, José",314,0.356,6.6,44.2,14.0,13.1,17.3,58.7,GREEN
"Bauers, Jake",334,0.359,13.5,53.0,25.7,12.9,26.8,58.4,GREEN
"Valdez, Esmerlyn",92,0.359,28.0,50.0,35.9,9.8,36.1,58.3,GREEN
"Aranda, Jonathan",393,0.369,10.5,44.5,22.1,13.0,21.9,58.2,GREEN
"Moreno, Gabriel",261,0.362,7.4,41.8,15.3,11.1,16.3,58.1,GREEN
"Foscue, Justin",113,0.371,13.3,45.3,23.0,8.8,20.8,58.1,GREEN
"Contreras, Willson",364,0.39,14.3,46.7,24.7,9.6,30.0,58.0,GREEN
"Correa, Carlos",141,0.364,10.3,41.2,18.4,12.8,22.9,57.9,GREEN
"Reynolds, Bryan",410,0.368,10.3,47.4,22.2,14.9,28.9,57.9,GREEN
"Dingler, Dillon",353,0.38,11.8,47.8,21.0,6.5,21.8,57.8,GREEN
"García Jr., Luis",307,0.365,10.7,47.8,15.0,4.6,19.0,57.7,GREEN
"Muncy, Max",329,0.364,13.8,45.2,23.4,11.9,27.6,57.6,GREEN
"Horwitz, Spencer",295,0.339,8.6,34.3,13.6,13.6,15.2,57.5,GREEN
"Soderstrom, Tyler",340,0.342,9.8,44.3,17.4,12.9,21.4,57.4,GREEN
"Bleday, JJ",272,0.365,9.6,42.7,19.5,13.6,26.2,57.3,GREEN
"Walker, Jordan",384,0.376,14.6,52.2,25.3,8.1,31.1,57.2,GREEN
"Rutschman, Adley",267,0.347,7.5,42.5,14.6,10.1,15.9,57.2,GREEN
"Nootbaar, Lars",113,0.341,9.3,50.7,22.1,11.5,18.4,57.2,GREEN
"Pratt, Cooper",81,0.388,5.7,34.5,16.0,14.8,26.2,57.1,GREEN
"Betts, Mookie",249,0.339,8.5,40.0,11.6,7.6,12.6,57.1,GREEN
"Guerrero Jr., Vladimir",373,0.344,7.0,44.2,12.1,10.5,19.7,57.1,GREEN
"Campusano, Luis",75,0.354,10.6,48.9,22.7,13.3,27.0,57.1,GREEN
"Greene, Riley",388,0.362,13.6,49.8,26.8,12.1,29.9,56.9,GREEN
"Wetherholt, JJ",395,0.355,7.2,45.6,15.4,9.6,20.1,56.9,GREEN
"Langeliers, Shea",375,0.364,14.6,44.1,21.1,8.0,27.3,56.8,GREEN
"Lindor, Francisco",159,0.35,8.7,50.4,17.0,9.4,24.3,56.7,GREEN
"De La Cruz, Elly",325,0.359,15.3,53.1,29.2,9.8,29.3,56.7,GREEN
"Stewart, Sal",400,0.35,14.8,41.0,21.5,11.3,27.5,56.6,GREEN
"Busch, Michael",412,0.348,10.5,40.7,22.1,15.3,25.4,56.5,GREEN
"Hernández, Heriberto",216,0.37,11.1,50.7,22.7,10.2,31.6,56.5,GREEN
"Schuemann, Max",64,0.34,14.7,38.2,25.0,17.2,29.6,56.5,GREEN
"Herrera, Iván",411,0.352,6.0,41.6,16.5,12.4,20.1,56.4,GREEN
"Edman, Tommy",67,0.374,6.4,38.3,17.9,10.4,19.7,56.3,GREEN
"Ward, Taylor",426,0.347,5.8,39.7,21.1,16.7,19.4,56.3,GREEN
"Buxton, Byron",335,0.351,18.7,47.6,24.8,6.9,30.9,56.3,GREEN
"Harris II, Michael",340,0.366,13.0,50.0,20.6,4.4,26.5,56.2,GREEN
"Cortes, Carlos",225,0.341,8.2,40.4,12.9,9.3,19.4,56.2,GREEN
"Bellinger, Cody",391,0.348,6.8,37.1,15.3,12.8,20.1,56.1,GREEN
"Anthony, Roman",130,0.352,9.3,47.4,25.4,15.4,28.1,56.1,GREEN
"Crow-Armstrong, Pete",404,0.367,10.9,49.2,25.5,10.6,28.5,56.1,GREEN
"Caglianone, Jac",337,0.36,15.5,57.5,30.0,7.4,31.3,56.0,GREEN
"DeLauter, Chase",319,0.335,5.7,43.7,13.5,9.4,15.7,56.0,WHITE
"Pederson, Joc",284,0.349,11.0,49.7,22.9,12.0,30.0,55.9,WHITE
"Tatis Jr., Fernando",402,0.349,11.0,52.7,20.6,8.0,28.5,55.8,WHITE
"Grichuk, Randal",140,0.367,13.7,47.1,22.9,3.6,23.8,55.7,WHITE
"Antonacci, Sam",294,0.365,6.7,36.7,15.3,7.1,16.0,55.7,WHITE
"Vaughn, Andrew",167,0.342,3.2,39.7,11.4,12.0,18.4,55.7,WHITE
"Jung, Josh",363,0.348,6.1,48.5,17.9,8.0,18.5,55.6,WHITE
"Carroll, Corbin",384,0.347,11.5,46.6,22.7,11.7,29.1,55.6,WHITE
"Julien, Edouard",242,0.344,6.9,51.4,26.0,14.0,23.3,55.6,WHITE
"Cruz, Oneil",283,0.358,16.7,59.2,34.6,10.6,37.8,55.5,WHITE
"Conine, Griffin",84,0.38,13.0,54.3,31.0,11.9,40.0,55.5,WHITE
"Chourio, Jackson",272,0.338,14.1,47.0,23.9,7.4,22.6,55.5,WHITE
"Contreras, William",378,0.336,7.2,42.3,13.2,8.5,18.9,55.5,WHITE
"Torres, Gleyber",190,0.342,7.9,31.7,17.4,15.3,21.8,55.4,WHITE
"Karros, Kyle",310,0.341,8.5,44.3,21.3,12.9,24.7,55.3,WHITE
"Kelenic, Jarred",69,0.346,22.2,50.0,36.2,11.6,39.2,55.2,WHITE
"Schmitt, Casey",357,0.36,12.5,44.3,19.3,2.2,21.8,55.1,WHITE
"Perdomo, Geraldo",377,0.327,3.3,30.5,12.2,13.8,12.2,55.0,WHITE
"Turang, Brice",402,0.346,8.1,44.2,25.4,12.7,21.8,54.9,WHITE
"Clemens, Kody",319,0.342,13.2,46.8,22.3,6.6,25.4,54.9,WHITE
"Chaparro, Andrés",62,0.334,12.1,48.5,29.0,16.1,32.4,54.9,WHITE
"Ramos, Heliot",223,0.345,16.1,50.0,26.5,5.4,28.3,54.8,WHITE
"Rojas, Miguel",153,0.328,7.2,38.4,10.5,6.5,16.5,54.7,WHITE
"Lopez, Otto",397,0.344,7.2,43.5,13.1,4.8,20.2,54.6,WHITE
"Edwards, Xavier",397,0.329,4.7,29.0,11.8,12.6,14.7,54.6,WHITE
"Abreu, Wilyer",387,0.334,11.2,41.0,20.7,9.6,23.6,54.5,WHITE
"Mitchell, Garrett",298,0.359,15.4,51.2,33.2,11.7,38.0,54.5,WHITE
"Seager, Corey",219,0.336,15.4,44.6,26.9,12.8,34.9,54.4,WHITE
"Conforto, Michael",157,0.342,12.8,45.7,28.0,12.1,29.8,54.4,WHITE
"Lowe, Nathaniel",220,0.346,10.9,39.6,27.3,11.8,22.4,54.4,WHITE
"Steer, Spencer",345,0.342,13.2,38.3,22.9,9.6,25.9,54.4,WHITE
"Grissom, Vaughn",202,0.332,5.9,42.1,13.9,8.4,20.0,54.3,WHITE
"Benge, Carson",374,0.354,8.0,41.7,20.9,7.5,20.9,54.3,WHITE
"Myers, Dane",137,0.355,7.7,32.5,25.5,12.4,16.9,54.2,WHITE
"Ewing, A.J.",210,0.351,8.2,43.3,25.2,10.5,23.2,54.1,WHITE
"Crawford, J.P.",322,0.327,6.9,36.1,21.1,13.7,17.9,54.1,WHITE
"Pasquantino, Vinnie",291,0.316,7.3,37.7,17.5,11.0,15.8,54.1,WHITE
"Pages, Andy",399,0.337,8.4,44.2,19.3,8.0,22.8,54.0,WHITE
"Thomas, Lane",257,0.329,6.7,40.9,22.2,13.2,20.6,53.9,WHITE
"Sheets, Gavin",309,0.332,7.8,41.5,21.7,10.7,20.8,53.8,WHITE
"Rodríguez, Julio",378,0.351,9.1,44.4,20.9,7.7,27.5,53.7,WHITE
"Caratini, Victor",260,0.336,8.0,39.2,19.2,9.6,21.9,53.7,WHITE
"Loftin, Nick",199,0.322,5.4,31.3,13.1,10.6,14.8,53.7,WHITE
"Stephenson, Tyler",248,0.331,10.5,45.2,25.4,11.3,26.4,53.7,WHITE
"Groover, LuJames",54,0.286,11.1,45.9,20.4,9.3,16.1,53.7,WHITE
"Kelly, Carson",239,0.325,6.5,38.5,16.7,11.3,21.3,53.7,WHITE
"Arozarena, Randy",366,0.352,8.0,42.9,21.6,9.6,27.6,53.6,WHITE
"Donovan, Brendan",101,0.345,4.4,32.9,14.9,10.9,20.4,53.6,WHITE
"Smith, Cam",352,0.339,11.8,45.0,24.1,8.8,28.8,53.6,WHITE
"Machado, Manny",377,0.319,10.9,43.5,22.5,11.7,26.9,53.6,WHITE
"Pereda, Jhonny",68,0.341,3.8,46.2,16.2,5.9,18.2,53.5,WHITE
"Rushing, Dalton",197,0.344,12.1,45.2,25.9,9.1,30.2,53.5,WHITE
"Garcia, Maikel",294,0.316,4.9,41.3,15.3,8.2,14.2,53.5,WHITE
"Bregman, Alex",417,0.315,4.3,37.5,15.1,11.5,16.3,53.4,WHITE
"Hicks, Liam",333,0.309,3.7,30.3,9.0,9.3,10.4,53.4,WHITE
"Tucker, Kyle",370,0.336,5.3,38.6,20.0,13.0,23.2,53.4,WHITE
"Abrams, CJ",383,0.342,10.1,41.1,21.1,8.9,28.3,53.3,WHITE
"Bell, Josh",363,0.332,11.0,43.3,22.0,7.4,24.9,53.3,WHITE
"Bichette, Bo",411,0.329,7.1,43.9,17.8,5.8,18.9,53.2,WHITE
"Larnach, Trevor",279,0.337,7.3,34.7,17.9,11.8,26.1,53.1,WHITE
"Holliday, Jackson",134,0.333,11.3,38.8,26.1,14.2,31.4,53.0,WHITE
"Seigler, Anthony",70,0.34,4.2,39.6,18.6,11.4,23.5,53.0,WHITE
"O'Hearn, Ryan",327,0.33,7.9,45.0,21.7,7.6,21.5,53.0,WHITE
"Madrigal, Nick",52,0.298,0.0,24.4,5.8,13.5,8.7,52.9,WHITE
"Hayes, Ke'Bryan",128,0.312,9.4,39.0,15.6,6.3,19.2,52.9,WHITE
"Alvarez, Francisco",224,0.335,16.0,43.8,26.3,7.1,32.9,52.9,WHITE
"Lowe, Brandon",390,0.342,12.4,45.4,26.2,9.5,34.6,52.7,WHITE
"Young, Jared",152,0.32,10.4,44.3,20.4,7.2,25.1,52.7,WHITE
"Devers, Rafael",394,0.326,11.6,50.0,27.4,8.9,29.1,52.7,WHITE
"Stott, Bryson",341,0.319,7.1,39.2,17.3,7.3,18.0,52.6,WHITE
"Robert Jr., Luis",98,0.323,2.9,42.6,17.3,13.3,25.6,52.5,WHITE
"Basallo, Samuel",289,0.335,12.2,45.0,26.0,8.7,31.3,52.5,WHITE
"Alexander, Blaze",238,0.346,6.8,47.3,22.3,6.3,25.5,52.5,WHITE
"Ballesteros, Moisés",175,0.31,9.1,46.7,20.6,9.7,26.9,52.5,WHITE
"Hoerner, Nico",409,0.32,0.9,28.3,7.8,8.8,11.4,52.5,WHITE
"Sánchez, Jesús",234,0.335,10.8,46.7,22.2,4.3,26.1,52.5,WHITE
"Urías, Ramón",68,0.306,10.9,37.0,17.6,8.8,23.5,52.4,WHITE
"Benintendi, Andrew",279,0.326,10.2,48.7,24.7,7.9,28.4,52.3,WHITE
"Stowers, Kyle",295,0.335,12.4,55.0,31.5,9.2,35.6,52.3,WHITE
"Naylor, Josh",376,0.317,4.7,37.4,12.5,7.4,18.7,52.3,WHITE
"Torkelson, Spencer",360,0.325,14.4,44.4,32.5,11.4,30.8,52.3,WHITE
"Yorke, Nick",86,0.306,5.0,48.3,19.8,8.1,18.7,52.1,WHITE
"Naylor, Bo",90,0.29,11.1,42.6,23.3,6.7,14.8,52.0,WHITE
"Suzuki, Seiya",329,0.327,9.7,40.6,25.8,10.3,26.0,52.0,WHITE
"Paredes, Isaac",370,0.317,6.1,30.3,15.9,9.2,16.7,51.9,WHITE
"Keith, Colt",262,0.325,7.8,42.3,19.5,5.3,21.1,51.9,WHITE
"Carrigg, Cole",109,0.337,8.1,31.1,20.2,11.0,26.3,51.9,WHITE
"Collins, Isaac",305,0.313,5.7,40.6,22.6,12.5,21.8,51.9,WHITE
"Okamoto, Kazuma",369,0.329,14.3,47.5,30.9,8.9,33.6,51.9,WHITE
"Vargas, Ildemaro",290,0.312,3.7,32.8,9.0,5.5,14.1,51.8,WHITE
"Goodman, Hunter",363,0.331,16.7,45.5,32.5,8.3,34.7,51.8,WHITE
"Yoshida, Masataka",191,0.308,2.0,37.8,12.0,8.9,16.6,51.8,WHITE
"Young, Cole",373,0.332,5.1,38.5,18.2,6.7,20.0,51.7,WHITE
"Bohm, Alec",361,0.302,5.0,40.1,14.4,6.9,16.8,51.7,WHITE
"Bogaerts, Xander",349,0.311,5.8,38.8,18.9,10.9,23.1,51.5,WHITE
"Rengifo, Luis",209,0.296,4.9,35.2,11.5,9.1,19.1,51.5,WHITE
"Smith, Dominic",227,0.316,6.2,35.2,14.1,6.6,20.3,51.5,WHITE
"Massey, Michael",235,0.309,7.1,42.3,17.0,5.5,20.4,51.5,WHITE
"Rumfield, TJ",372,0.32,5.5,28.6,14.2,9.7,20.6,51.4,WHITE
"Happ, Ian",385,0.319,12.7,43.6,31.4,12.2,32.2,51.4,WHITE
"Hernández, Teoscar",240,0.329,10.1,45.6,27.5,9.6,31.7,51.3,WHITE
"Dubón, Mauricio",359,0.32,4.7,31.1,14.2,7.0,16.7,51.3,WHITE
"Springer, George",284,0.305,7.8,38.5,20.1,10.2,23.6,51.3,WHITE
"Jordan, Blaze",77,0.29,6.1,42.4,10.4,3.9,18.6,51.2,WHITE
"Crews, Dylan",177,0.329,8.7,44.9,20.9,5.1,28.8,51.1,WHITE
"Mesa Jr., Victor",96,0.303,8.2,39.3,24.0,12.5,25.4,51.0,WHITE
"Arraez, Luis",389,0.306,0.6,22.6,3.9,5.7,8.1,51.0,WHITE
"Goldschmidt, Paul",251,0.314,11.6,39.0,23.5,6.8,25.7,50.9,WHITE
"Rosario, Amed",161,0.318,11.4,39.5,23.0,6.2,26.5,50.9,WHITE
"Valenzuela, Brandon",180,0.324,7.8,35.7,25.0,11.1,24.9,50.9,WHITE
"Walker, Christian",387,0.307,10.3,42.6,22.0,8.3,28.8,50.9,WHITE
"Henderson, Gunnar",426,0.308,7.2,44.3,22.3,8.0,23.2,50.9,WHITE
"O'Neill, Tyler",169,0.319,9.9,43.6,27.8,11.2,31.3,50.9,WHITE
"Sosa, Edmundo",158,0.342,7.8,41.4,20.3,2.5,24.9,50.9,WHITE
"Stanton, Giancarlo",96,0.326,18.0,44.3,30.2,6.3,38.7,50.8,WHITE
"Moniak, Mickey",215,0.315,13.1,42.8,25.1,6.0,29.4,50.8,WHITE
"Peña, Jeremy",202,0.345,4.0,37.6,17.3,7.4,28.1,50.8,WHITE
"Yastrzemski, Mike",259,0.306,6.0,43.5,23.2,10.4,23.5,50.8,WHITE
"Torres, Bryan",67,0.319,8.5,30.6,19.4,7.5,21.1,50.8,WHITE
"Marsh, Brandon",351,0.326,9.6,46.1,25.9,4.8,25.8,50.7,WHITE
"Ramírez, Pedro",61,0.304,4.1,42.9,14.8,4.9,18.4,50.7,WHITE
"Davis, Henry",180,0.288,10.7,38.5,20.6,8.9,23.9,50.7,WHITE
"McLain, Matt",309,0.317,9.2,38.0,26.9,11.7,27.4,50.7,WHITE
"Freeman, Tyler",243,0.32,1.1,34.2,12.3,4.5,12.6,50.6,WHITE
"Lile, Daylen",393,0.315,7.4,35.1,17.3,6.1,21.9,50.6,WHITE
"Johnston, Troy",306,0.328,2.3,36.9,17.0,8.8,22.8,50.6,WHITE
"Jiménez, Leo",118,0.319,5.1,43.0,21.2,7.6,23.5,50.6,WHITE
"Schanuel, Nolan",307,0.323,2.2,32.0,15.0,8.1,18.0,50.6,WHITE
"Carpenter, Kerry",226,0.313,11.5,48.9,30.1,8.0,30.0,50.5,WHITE
"Feduccia, Hunter",129,0.318,9.0,39.0,28.7,10.1,23.9,50.5,WHITE
"Raley, Luke",253,0.345,16.6,46.4,32.4,5.1,40.8,50.4,WHITE
"Troy, Tommy",132,0.317,10.0,31.1,22.7,9.1,24.8,50.4,WHITE
"Laureano, Ramón",206,0.312,14.3,41.2,31.6,9.7,31.1,50.4,WHITE
"Vivas, Jorbit",200,0.304,3.9,27.0,12.5,9.0,17.2,50.3,WHITE
"Wong, Connor",125,0.32,4.9,36.6,21.6,10.4,24.2,50.3,WHITE
"Lee, Jung Hoo",340,0.314,2.4,28.2,9.4,4.1,12.7,50.3,WHITE
"Frelick, Sal",304,0.286,2.1,27.8,9.5,8.2,10.8,50.3,WHITE
"Kwan, Steven",343,0.308,0.4,10.1,10.2,13.4,8.5,50.3,WHITE
"Adell, Jo",387,0.328,8.7,44.4,22.0,2.8,26.4,50.3,WHITE
"Hoskins, Rhys",259,0.293,11.3,40.6,31.3,16.2,32.2,50.2,WHITE
"Martin, Austin",269,0.315,2.2,27.8,17.8,13.4,20.7,50.2,WHITE
"Harris, Dustin",52,0.334,0.0,15.8,13.5,11.5,13.8,50.1,WHITE
"Swanson, Dansby",345,0.302,8.0,42.7,23.2,10.7,29.8,50.1,WHITE
"Neto, Zach",410,0.313,13.5,40.6,31.7,10.5,32.2,50.1,WHITE
"Kiner-Falefa, Isiah",132,0.312,3.0,26.5,13.6,9.1,17.6,50.1,WHITE
"Vilade, Ryan",155,0.306,5.6,38.0,20.6,8.4,21.2,50.0,WHITE
"Piñango, Yohendrick",160,0.314,7.1,45.1,23.1,6.3,25.8,50.0,WHITE
"Montgomery, Colson",368,0.328,14.1,43.2,31.3,8.2,36.9,50.0,WHITE
"Vierling, Matt",253,0.297,5.2,35.9,16.2,6.7,17.9,50.0,WHITE
"Marsee, Jakob",379,0.305,3.4,33.6,22.2,12.7,19.2,50.0,WHITE
"Gonzales, Nick",360,0.33,2.7,36.9,17.8,7.5,23.9,50.0,WHITE
"Mack, Joe",163,0.309,9.0,37.8,23.9,7.4,23.4,50.0,WHITE
"Semien, Marcus",318,0.316,8.0,34.5,21.4,7.2,23.6,49.9,WHITE
"Osuna, Alejandro",190,0.312,0.7,29.5,13.7,8.9,15.7,49.9,WHITE
"Garver, Mitch",124,0.306,7.7,47.7,31.5,15.3,34.6,49.9,WHITE
"Shaw, Matt",147,0.301,4.8,36.2,18.4,8.2,19.7,49.8,WHITE
"Burger, Jake",361,0.311,10.3,47.0,26.0,7.8,34.2,49.7,WHITE
"Cowser, Colton",225,0.322,11.5,35.9,29.8,11.6,33.6,49.7,WHITE
"Straw, Myles",158,0.292,3.3,26.8,13.9,8.2,12.1,49.7,WHITE
"Butler, Lawrence",262,0.308,6.3,45.0,26.7,11.5,29.7,49.7,WHITE
"Sanoja, Javier",232,0.281,1.5,32.5,9.1,6.0,11.5,49.6,WHITE
"Varsho, Daulton",296,0.295,6.2,37.8,20.3,8.4,21.2,49.6,WHITE
"Amaya, Miguel",154,0.302,6.5,34.4,22.7,11.7,25.1,49.5,WHITE
"Montgomery, Braden",104,0.307,4.2,41.7,21.2,9.6,26.0,49.5,WHITE
"Keaschall, Luke",345,0.297,3.2,27.6,15.1,9.9,16.8,49.5,WHITE
"Rooker, Brent",203,0.314,15.5,41.9,32.0,9.4,38.4,49.5,WHITE
"France, Ty",216,0.306,10.5,45.8,25.0,5.1,29.3,49.4,WHITE
"Merrill, Jackson",378,0.302,9.4,44.5,25.4,6.6,27.2,49.4,WHITE
"Hedges, Austin",142,0.299,5.7,34.0,16.9,7.7,22.4,49.4,WHITE
"Wiemer, Joey",83,0.315,10.0,39.0,34.9,14.5,31.9,49.4,WHITE
"Ruiz, Keibert",205,0.275,5.3,38.2,12.7,3.4,14.4,49.3,WHITE
"Bazzana, Travis",268,0.302,4.5,37.3,20.9,11.6,26.5,49.3,WHITE
"Pérez, Wenceel",175,0.272,7.6,33.3,16.6,8.0,18.2,49.3,WHITE
"McMahon, Ryan",218,0.308,10.8,49.6,31.7,7.8,31.6,49.3,WHITE
"Meckler, Wade",132,0.317,5.6,33.7,22.7,9.8,25.5,49.2,WHITE
"Lewis, Royce",245,0.3,12.4,41.8,27.3,9.4,34.7,49.2,WHITE
"House, Brady",177,0.319,10.6,43.0,28.2,7.3,33.0,49.2,WHITE
"Schneider, Davis",118,0.27,11.7,45.9,33.1,15.3,31.7,49.1,WHITE
"Realmuto, J.T.",249,0.309,5.3,38.0,20.9,7.6,24.4,49.1,WHITE
"Perez, Salvador",363,0.29,9.6,42.8,19.8,3.6,24.9,49.1,WHITE
"Shewmake, Braden",83,0.301,7.5,36.8,15.7,2.4,21.9,49.1,WHITE
"McNeil, Jeff",289,0.298,0.9,31.6,12.5,7.3,16.3,49.0,WHITE
"Walton, Donovan",97,0.312,5.4,37.8,18.6,5.2,24.0,49.0,WHITE
"Monasterio, Andruw",161,0.286,8.8,38.6,23.6,5.6,18.1,49.0,WHITE
"Ortiz, Joey",230,0.296,3.6,32.7,17.8,9.1,19.4,49.0,WHITE
"Bericoto, Victor",59,0.289,14.0,46.5,25.4,1.7,27.1,49.0,WHITE
"Heim, Jonah",168,0.302,7.3,30.1,18.5,7.7,23.5,49.0,WHITE
"India, Jonathan",58,0.284,5.7,31.4,22.4,13.8,22.6,48.9,WHITE
"Melendez, MJ",144,0.281,11.1,55.6,34.7,11.8,34.5,48.9,WHITE
"Beavers, Dylan",140,0.296,5.6,36.7,24.3,11.4,23.8,48.9,WHITE
"Marte, Starling",125,0.309,11.3,38.8,27.2,6.4,28.6,48.9,WHITE
"Martínez, Angel",243,0.306,7.9,37.3,21.8,2.9,19.2,48.9,WHITE
"Vientos, Mark",254,0.31,10.1,43.8,24.0,4.7,31.5,48.9,WHITE
"Higashioka, Kyle",169,0.295,8.3,38.9,25.4,10.1,27.6,48.8,WHITE
"Williamson, Ben",215,0.297,2.0,35.3,19.5,8.8,16.9,48.8,WHITE
"Palacios, Richie",216,0.311,3.4,25.3,18.1,11.1,22.1,48.8,WHITE
"Young, Jacob",284,0.298,6.2,35.5,19.0,5.3,20.3,48.8,WHITE
"Kreidler, Ryan",137,0.301,8.2,34.0,19.7,8.8,30.2,48.7,WHITE
"Benson, Will",114,0.3,12.7,37.9,33.3,14.0,36.1,48.7,WHITE
"Cronenworth, Jake",153,0.297,6.9,31.4,21.6,9.8,23.8,48.7,WHITE
"Chapman, Matt",352,0.286,6.6,35.8,23.0,10.5,23.1,48.7,WHITE
"Carter, Evan",255,0.29,7.1,36.5,24.7,12.5,27.9,48.7,WHITE
"Gonzalez, Jacob",97,0.307,1.6,42.2,22.7,8.2,21.0,48.6,WHITE
"Gasper, Mickey",119,0.28,4.5,36.4,17.6,7.6,18.5,48.6,WHITE
"Manzardo, Kyle",297,0.303,10.8,39.8,32.0,10.8,30.7,48.6,WHITE
"Volpe, Anthony",151,0.299,4.1,33.7,22.5,12.6,25.5,48.6,WHITE
"Rocchio, Brayan",345,0.305,2.7,31.2,14.2,7.8,23.5,48.5,WHITE
"Mateo, Jorge",132,0.316,9.6,47.0,31.1,6.1,30.9,48.5,WHITE
"Tena, José",182,0.311,8.9,50.9,30.2,7.7,35.4,48.5,WHITE
"Albies, Ozzie",397,0.294,4.2,27.9,12.8,6.8,20.3,48.5,WHITE
"Andujar, Miguel",237,0.296,4.3,36.4,16.0,3.8,18.8,48.4,WHITE
"Langford, Wyatt",178,0.299,7.9,36.2,22.5,5.6,22.8,48.4,WHITE
"Caissie, Owen",246,0.309,16.3,48.1,39.0,7.3,36.7,48.4,WHITE
"Siri, Jose",96,0.317,13.1,36.1,28.1,6.3,34.0,48.4,WHITE
"Winn, Masyn",347,0.299,3.3,34.4,19.0,8.1,21.3,48.3,WHITE
"Smith, Josh",138,0.28,6.2,30.9,18.8,10.1,22.4,48.3,WHITE
"Durbin, Caleb",304,0.286,3.0,29.1,13.8,6.6,15.8,48.3,WHITE
"Jensen, Carter",333,0.292,9.2,43.3,28.2,9.0,29.9,48.2,WHITE
"Ward, Ryan",60,0.317,10.8,28.9,28.3,8.3,27.6,48.2,WHITE
"Fermín, José",166,0.28,2.3,29.2,13.9,7.2,13.9,48.2,WHITE
"Baty, Brett",316,0.301,8.1,39.1,27.2,9.2,28.9,48.1,WHITE
"Ozuna, Marcell",242,0.312,8.6,39.4,30.6,9.9,31.3,48.1,WHITE
"Tolbert, Tyler",60,0.312,4.4,31.1,18.3,6.7,24.6,48.0,WHITE
"McCarthy, Jake",294,0.315,5.9,26.0,17.7,5.4,22.7,48.0,WHITE
"Muncy, Max",175,0.295,11.1,48.5,33.1,8.0,32.5,48.0,WHITE
"Peters, Tristan",266,0.304,4.6,29.7,18.4,6.8,21.9,47.9,WHITE
"Díaz, Elias",87,0.301,7.2,37.7,18.4,2.3,25.0,47.8,WHITE
"Altuve, Jose",305,0.288,6.3,32.2,22.0,9.5,24.0,47.8,WHITE
"Yelich, Christian",262,0.297,7.6,41.5,28.2,10.3,31.5,47.8,WHITE
"Meidroth, Chase",380,0.288,4.4,34.0,23.7,9.5,19.6,47.8,WHITE
"Gilbert, Drew",205,0.293,2.1,31.5,17.6,9.3,21.4,47.8,WHITE
"Duran, Ezequiel",313,0.305,6.0,37.3,22.7,6.7,27.1,47.7,WHITE
"Loperfido, Joey",120,0.297,6.8,35.6,25.8,11.7,31.0,47.7,WHITE
"Mayo, Coby",243,0.289,9.9,49.3,32.5,7.8,30.8,47.7,WHITE
"Polanco, Jorge",70,0.275,3.8,32.7,17.1,8.6,20.0,47.6,WHITE
"Guzman, Denzer",107,0.299,6.8,35.1,23.4,6.5,24.5,47.6,WHITE
"Chisholm Jr., Jazz",348,0.291,8.7,40.2,29.0,10.6,31.4,47.6,WHITE
"Kirk, Alejandro",90,0.26,2.9,34.3,13.3,8.9,20.4,47.5,WHITE
"Thomas, Alek",100,0.292,8.6,43.1,23.0,3.0,26.7,47.5,WHITE
"O'Hoppe, Logan",225,0.276,11.3,38.4,24.9,6.7,28.1,47.5,WHITE
"Soler, Jorge",297,0.302,11.2,40.6,31.6,9.8,36.2,47.5,WHITE
"Bolte, Henry",193,0.305,6.8,46.6,27.5,7.8,34.3,47.5,WHITE
"Call, Alex",132,0.277,2.2,17.6,15.9,12.9,15.3,47.4,WHITE
"Arenado, Nolan",334,0.291,6.5,32.2,21.6,7.5,24.0,47.4,WHITE
"Bart, Joey",91,0.301,10.0,36.7,26.4,3.3,24.9,47.3,WHITE
"Teel, Kyle",53,0.298,14.3,50.0,37.7,7.5,38.5,47.3,WHITE
"Fortes, Nick",218,0.27,1.7,37.1,11.9,2.8,14.9,47.3,WHITE
"Wilson, Jacob",226,0.28,1.6,28.7,11.9,4.9,15.1,47.2,WHITE
"Lukes, Nathan",210,0.302,1.2,27.6,14.8,5.7,18.6,47.2,WHITE
"Song, Sung-Mun",91,0.269,6.3,21.9,17.6,12.1,22.8,47.1,WHITE
"Ruiz, Esteury",113,0.314,7.9,28.6,28.3,10.6,30.4,47.1,WHITE
"Ramírez, Agustín",129,0.282,4.7,40.7,21.7,10.1,31.0,47.1,WHITE
"Raleigh, Cal",267,0.286,11.4,33.6,32.2,12.0,31.0,47.1,WHITE
"Wells, Austin",212,0.279,6.2,43.4,27.8,11.3,30.5,47.1,WHITE
"Crooks, Jimmy",65,0.314,5.7,50.0,32.3,7.7,33.9,47.0,WHITE
"Adames, Willy",371,0.292,9.2,41.7,28.6,6.5,29.4,47.0,WHITE
"Church, Nathan",249,0.284,8.3,32.0,21.3,5.2,23.2,47.0,WHITE
"García, Adolis",259,0.294,9.3,48.0,32.4,8.1,34.6,46.9,WHITE
"Turner, Trea",402,0.288,6.3,40.1,22.4,5.7,27.4,46.9,WHITE
"Lee, Brooks",362,0.276,4.0,31.2,16.3,6.9,21.0,46.9,WHITE
"Castro, Willi",315,0.297,6.1,40.4,27.3,8.6,29.9,46.9,WHITE
"Riley, Austin",373,0.287,10.2,42.2,29.8,8.0,32.6,46.8,WHITE
"Taylor, Samad",102,0.326,3.3,25.0,29.4,11.8,24.3,46.8,WHITE
"Taylor, Tyrone",122,0.278,8.3,31.3,18.0,3.3,22.5,46.7,WHITE
"Smith, Pavin",89,0.255,3.3,31.1,20.2,11.2,17.2,46.7,WHITE
"Griffin, Konnor",247,0.305,8.1,37.0,26.3,6.5,31.7,46.7,WHITE
"Gelof, Zack",247,0.289,6.6,41.3,25.1,5.7,27.5,46.6,WHITE
"Perkins, Blake",101,0.264,4.4,33.8,21.8,9.9,20.9,46.6,WHITE
"Thompson, Sterlin",77,0.295,6.3,43.8,27.3,6.5,30.1,46.6,WHITE
"Acuña, Luisangel",158,0.279,4.1,39.3,17.7,4.4,24.3,46.5,WHITE
"Jackson, Jeremiah",210,0.288,7.4,38.7,20.0,1.9,26.0,46.5,WHITE
"Pereira, Everson",77,0.302,10.6,42.6,29.9,6.5,37.7,46.4,WHITE
"Gurriel Jr., Lourdes",176,0.28,4.5,33.1,17.6,5.7,23.6,46.4,WHITE
"Schneemann, Daniel",258,0.292,8.0,38.5,28.7,8.5,31.2,46.4,WHITE
"Duran, Jarren",363,0.296,11.3,38.6,30.3,7.2,35.4,46.3,WHITE
"Espinal, Santiago",60,0.29,2.0,31.4,13.3,1.7,18.8,46.2,WHITE
"McKinstry, Zach",237,0.272,2.3,20.5,17.3,10.5,16.6,46.2,WHITE
"Moncada, Yoán",130,0.27,7.7,40.9,34.6,13.1,28.8,46.1,WHITE
"Domínguez, Jasson",128,0.291,4.3,38.7,21.1,4.7,26.9,46.1,WHITE
"Callihan, Tyler",84,0.302,8.5,31.9,32.1,10.7,31.7,46.0,WHITE
"Diaz, Yainer",165,0.282,5.3,31.1,16.4,3.0,22.5,46.0,WHITE
"Rafaela, Ceddanne",353,0.286,5.0,32.6,19.5,4.8,24.3,46.0,WHITE
"Clement, Ernie",359,0.275,2.2,22.7,9.5,3.3,16.1,45.9,WHITE
"Jones, Jahmai",105,0.29,8.3,43.3,33.3,9.5,34.2,45.9,WHITE
"Taveras, Leody",283,0.286,4.4,30.4,24.7,9.9,25.3,45.8,WHITE
"Torrens, Luis",175,0.272,4.1,36.0,20.6,5.7,21.9,45.8,WHITE
"Bailey, Patrick",186,0.278,6.5,39.2,25.8,7.0,27.9,45.8,WHITE
"Sullivan, Brett",130,0.268,3.0,32.3,17.7,5.4,18.6,45.7,WHITE
"Mayer, Marcelo",228,0.259,6.1,36.0,19.3,7.0,26.5,45.7,WHITE
"Mangum, Jake",244,0.29,1.6,27.2,17.2,5.3,20.3,45.5,WHITE
"Gorman, Nolan",229,0.278,9.2,43.8,32.3,10.9,38.9,45.4,WHITE
"Freeland, Alex",218,0.282,5.3,37.4,29.4,10.1,28.9,45.4,WHITE
"Kim, Hyeseong",131,0.304,3.4,25.3,23.7,9.2,27.0,45.4,WHITE
"Norby, Connor",233,0.282,7.6,36.6,30.0,10.3,32.7,45.4,WHITE
"Isbel, Kyle",183,0.275,3.1,34.1,22.4,5.5,19.2,45.3,WHITE
"Fry, David",149,0.263,7.3,34.1,30.9,14.1,30.7,45.2,WHITE
"Crawford, Justin",287,0.28,1.0,33.5,20.6,5.9,19.4,45.2,WHITE
"Mullins, Cedric",308,0.263,3.8,30.5,20.5,8.4,22.4,45.2,WHITE
"Romo, Drew",117,0.259,7.9,28.9,23.9,10.3,28.2,45.1,WHITE
"Fraley, Jake",90,0.276,8.8,21.4,27.8,8.9,21.8,45.1,WHITE
"Simpson, Chandler",343,0.266,0.0,15.2,9.6,5.2,10.5,45.0,WHITE
"Meyers, Jake",148,0.255,6.5,28.0,20.3,6.8,21.7,44.9,WHITE
"Marte, Noelvi",129,0.274,7.1,31.0,25.6,7.0,25.5,44.9,WHITE
"Triolo, Jared",203,0.275,2.2,35.6,23.2,7.9,24.3,44.9,WHITE
"White, Eli",119,0.28,6.0,31.8,21.8,5.9,28.4,44.9,WHITE
"Fernandez, Jose",177,0.276,3.9,38.8,22.6,4.0,24.6,44.8,WHITE
"Lowe, Josh",177,0.281,8.5,37.3,28.2,4.5,29.2,44.7,WHITE
"Hamilton, David",238,0.264,3.8,27.7,22.7,9.2,21.9,44.7,WHITE
"Dunn, Blake",155,0.278,2.9,30.3,21.3,6.5,23.3,44.6,WHITE
"Fermin, Freddy",162,0.263,2.7,25.2,19.8,10.5,24.2,44.5,WHITE
"Saggese, Thomas",82,0.274,10.0,38.0,31.7,7.3,33.0,44.5,WHITE
"Jones, Spencer",82,0.28,5.1,63.2,41.5,11.0,41.7,44.4,WHITE
"Susac, Daniel",115,0.286,5.0,28.7,23.5,5.2,25.3,44.3,WHITE
"Hernaiz, Darell",134,0.263,1.0,24.7,17.2,9.7,22.8,44.3,WHITE
"DeLuca, Jonny",172,0.286,3.9,28.9,20.3,5.2,27.7,44.2,WHITE
"Durán, Rodolfo",85,0.251,9.3,29.6,27.1,8.2,25.9,44.2,WHITE
"Cole, Zach",53,0.289,16.7,50.0,39.6,1.9,43.3,44.2,WHITE
"Trammell, Taylor",118,0.295,10.3,36.8,33.9,7.6,38.8,44.2,WHITE
"Escarra, J.C.",92,0.258,4.5,33.8,19.6,6.5,28.1,44.1,WHITE
"Castellanos, Nick",122,0.285,8.4,37.3,27.9,4.1,33.5,44.0,RED
"Lockridge, Brandon",96,0.276,1.7,32.8,26.0,10.4,27.6,44.0,RED
"Del Castillo, Adrian",164,0.261,6.8,39.4,29.3,7.3,29.0,43.9,RED
"Peraza, Oswald",270,0.284,8.0,37.3,28.9,3.3,29.9,43.9,RED
"Pagés, Pedro",159,0.272,5.5,39.1,25.2,3.8,28.0,43.9,RED
"Jansen, Danny",142,0.254,6.0,33.3,28.2,9.2,25.5,43.8,RED
"Haase, Eric",84,0.271,16.3,28.6,33.3,7.1,38.1,43.8,RED
"Tawa, Tim",86,0.257,1.9,30.4,23.3,11.6,26.3,43.8,RED
"Waldschmidt, Ryan",122,0.289,8.3,36.1,32.8,6.6,33.7,43.7,RED
"Hill, Derek",134,0.293,10.5,33.8,35.1,6.7,35.2,43.7,RED
"Arias, Gabriel",89,0.293,12.8,51.1,41.6,5.6,45.2,43.6,RED
"Quero, Edgar",172,0.26,2.6,34.5,23.8,7.0,23.9,43.6,RED
"Walls, Taylor",259,0.261,3.1,22.5,25.1,12.0,23.2,43.6,RED
"Báez, Javier",82,0.294,3.2,28.6,19.5,2.4,27.5,43.5,RED
"Tovar, Ezequiel",332,0.273,7.0,32.6,25.9,5.1,29.6,43.5,RED
"Thomas, Colby",98,0.263,10.6,36.4,28.6,4.1,32.0,43.5,RED
"Lee, Hao-Yu",154,0.271,7.5,34.0,26.6,4.5,29.8,43.4,RED
"Sosa, Lenyn",117,0.249,5.6,36.7,21.4,0.9,21.5,43.2,RED
"Bader, Harrison",111,0.272,8.2,41.1,30.6,3.6,32.0,43.2,RED
"Narváez, Carlos",170,0.27,6.9,38.2,31.8,6.5,31.5,43.0,RED
"Rogers, Jake",96,0.241,7.3,36.4,31.3,10.4,29.8,42.9,RED
"Dezenzo, Zach",60,0.28,12.5,25.0,36.7,10.0,37.1,42.7,RED
"Nuñez, Nasim",299,0.27,0.5,21.0,23.7,10.7,22.9,42.7,RED
"Millas, Drew",149,0.264,3.2,21.1,24.2,8.7,23.2,42.5,RED
"Refsnyder, Rob",119,0.249,6.5,33.8,26.9,5.9,27.5,42.5,RED
"Matthews, Brice",223,0.262,8.8,38.0,31.8,6.7,35.9,42.4,RED
"Rincones Jr., Gabriel",63,0.229,9.8,38.6,25.4,3.2,29.2,42.4,RED
"Short, Zack",55,0.261,6.7,23.3,30.9,12.7,31.8,42.4,RED
"Vázquez, Christian",185,0.237,1.4,22.9,17.3,7.0,18.5,42.3,RED
"Scott II, Victor",184,0.273,0.8,23.8,23.9,8.7,24.9,42.3,RED
"Robles, Victor",98,0.266,2.7,18.9,17.3,5.1,23.9,42.2,RED
"Caballero, José",289,0.272,4.0,25.0,23.2,5.5,27.4,42.2,RED
"Trevino, Jose",67,0.244,1.9,32.1,14.9,1.5,22.7,42.2,RED
"Arroyo, Edwin",96,0.306,0.0,21.7,21.9,3.1,24.4,42.2,RED
"Arcia, Orlando",50,0.245,2.5,25.0,16.0,4.0,22.1,42.1,RED
"Lopez, Nicky",117,0.259,0.0,22.1,14.5,2.6,18.3,42.0,RED
"Wynns, Austin",57,0.265,5.0,27.5,24.6,5.3,28.1,42.0,RED
"Giménez, Andrés",306,0.266,3.5,23.8,19.6,3.6,25.1,42.0,RED
"Wilson, Weston",60,0.264,2.8,29.7,26.7,10.0,32.8,41.8,RED
"Gray, Tristan",176,0.267,6.4,38.2,31.8,5.1,33.6,41.6,RED
"McCutchen, Andrew",83,0.237,5.8,28.8,26.5,10.8,32.5,41.6,RED
"Wallner, Matt",135,0.281,10.4,40.3,39.3,7.4,44.0,41.5,RED
"Friedl, TJ",210,0.242,3.1,28.1,24.3,7.6,25.9,41.3,RED
"Doyle, Brenton",122,0.248,5.9,35.2,32.8,9.0,32.2,41.3,RED
"Suárez, Eugenio",255,0.257,8.1,29.1,34.9,9.0,35.0,40.7,RED
"Beck, Jordan",88,0.26,3.3,26.2,25.0,5.7,29.3,40.7,RED
"Kim, Ha-Seong",82,0.212,4.1,21.6,26.8,11.0,21.1,40.4,RED
"Marchán, Rafael",85,0.214,3.0,20.9,16.5,2.4,16.8,40.0,RED
"Story, Trevor",176,0.248,3.6,41.8,32.4,4.5,31.7,39.9,RED
"Brito, Juan",56,0.256,2.9,32.4,30.4,7.1,32.5,39.9,RED
"McCann, James",65,0.21,6.4,42.6,26.2,1.5,30.1,39.5,RED
"Watson, Kahlil",68,0.247,10.0,32.5,36.8,4.4,34.1,39.4,RED
"Rivero, Sebastián",57,0.267,0.0,14.3,21.1,5.3,25.7,39.3,RED
"Rivas, Leo",120,0.238,1.5,13.6,30.0,12.5,24.1,38.9,RED
"Allen, Nick",96,0.228,1.5,25.0,21.9,6.3,28.7,38.8,RED
"Pauley, Graham",97,0.209,4.3,23.2,23.7,5.2,22.6,38.8,RED
"Slater, Austin",74,0.235,2.3,18.2,28.4,10.8,27.9,38.8,RED
"Barrosa, Jorge",125,0.211,6.4,23.1,28.8,8.0,27.7,38.6,RED
"Halpin, Petey",57,0.228,7.5,27.5,28.1,1.8,28.3,38.6,RED
"Emerson, Colt",156,0.24,5.7,28.7,34.6,8.3,35.2,38.3,RED
"Heineman, Tyler",103,0.237,1.4,14.7,21.4,2.9,21.3,37.9,RED
"Williams, Alika",83,0.229,0.0,37.0,30.1,3.6,26.4,37.7,RED
"Frazier, Adam",93,0.237,1.8,16.4,30.1,9.7,27.0,37.7,RED
"Jackson, Alex",56,0.215,2.6,36.8,28.6,0.0,26.1,36.9,AVOID
"Fulford, Braxton",66,0.215,9.4,28.1,40.9,9.1,37.7,36.5,AVOID
"Morel, Christopher",73,0.22,2.5,42.5,38.4,5.5,35.6,36.0,AVOID
"Mauricio, Ronny",50,0.205,9.4,34.4,36.0,0.0,32.1,35.7,AVOID
"Clarke, Denzel",60,0.193,3.2,46.9,40.0,6.7,35.8,35.4,AVOID
"Teodosio, Bryce",51,0.203,6.7,23.3,35.3,5.9,39.2,33.7,AVOID
"Outman, James",129,0.214,6.3,28.6,42.6,7.8,43.0,33.3,AVOID
