Player,Tm,Pos,games,targets,receiving_yards,rec_ypg,adot,yac_r,drop_percent,SMASH,tier
Puka Nacua,LA,WR,16,166,1715,107.2,9.3,5.2,0.024,74.5,ELITE
Jaxon Smith-Njigba,SEA,WR,17,163,1793,105.5,11.2,4.4,0.031,70.2,ELITE
George Pickens,DAL,WR,17,137,1429,84.1,11.3,5.2,0.029,66.2,ELITE
Trey McBride,ARI,TE,17,169,1239,72.9,6.8,4.6,0.012,65.2,ELITE
Zay Flowers,BAL,WR,17,118,1211,71.2,10.2,5.3,0.059,63.8,ELITE
Tucker Kraft,GB,TE,8,44,489,61.1,4.7,10.8,0.068,60.8,GREEN
Jameson Williams,DET,WR,17,102,1117,65.7,12.6,6.8,0.118,60.2,GREEN
Nico Collins,HOU,WR,15,120,1117,74.5,12.7,4.6,0.008,60.1,GREEN
Alec Pierce,IND,WR,15,84,1003,66.9,18.9,3.7,0.012,59.0,GREEN
Stefon Diggs,NE,WR,17,102,1013,59.6,8.5,4.2,0.029,58.8,GREEN
DK Metcalf,PIT,WR,15,99,850,56.7,10.5,7.0,0.051,58.4,GREEN
CeeDee Lamb,DAL,WR,13,117,1077,82.8,11.7,4.3,0.068,58.3,GREEN
Chris Olave,NO,WR,16,156,1163,72.7,11.8,2.9,0.032,58.0,GREEN
DeVonta Smith,PHI,WR,17,113,1008,59.3,11.9,3.8,0.027,57.6,GREEN
Sam LaPorta,DET,TE,9,49,489,54.3,5.7,6.9,0.0,56.8,GREEN
Dalton Kincaid,BUF,TE,12,49,571,47.6,9.5,6.6,0.02,56.5,GREEN
Tee Higgins,CIN,WR,15,98,846,56.4,13.1,2.8,0.02,56.4,GREEN
George Kittle,SF,TE,11,69,628,57.1,6.7,4.4,0.014,56.2,GREEN
Drake London,ATL,WR,12,112,919,76.6,10.9,3.4,0.009,56.2,GREEN
Colston Loveland,CHI,TE,16,82,713,44.6,9.0,4.3,0.012,55.9,WHITE
Quentin Johnston,LAC,WR,13,84,735,56.5,11.8,4.3,0.024,55.7,WHITE
Courtland Sutton,DEN,WR,17,124,1017,59.8,12.4,3.0,0.065,55.7,WHITE
Jaylen Waddle,MIA,WR,16,100,910,56.9,13.1,3.6,0.04,55.5,WHITE
Juwan Johnson,NO,TE,17,102,889,52.3,7.5,4.7,0.059,55.4,WHITE
Rashee Rice,KC,WR,8,78,571,71.4,4.3,7.8,0.064,55.4,WHITE
Christian Watson,GB,WR,10,55,611,61.1,17.8,3.4,0.018,55.4,WHITE
Terry McLaurin,WAS,WR,10,60,582,58.2,13.9,2.4,0.017,55.3,WHITE
Khalil Shakir,BUF,WR,16,95,719,44.9,3.7,7.5,0.032,55.0,WHITE
Michael Wilson,ARI,WR,17,126,1006,59.2,11.9,3.5,0.008,54.9,WHITE
Kyle Pitts,ATL,TE,17,118,928,54.6,7.4,4.5,0.017,54.8,WHITE
Parker Washington,JAX,WR,16,95,847,52.9,12.5,4.6,0.074,54.7,WHITE
Tetairoa McMillan,CAR,WR,17,122,1014,59.6,11.6,3.8,0.066,54.6,WHITE
Hunter Henry,NE,TE,17,87,768,45.2,8.0,5.6,0.034,54.6,WHITE
Justin Jefferson,MIN,WR,17,141,1048,61.6,10.2,5.4,0.021,54.5,WHITE
Tyler Warren,IND,TE,17,112,817,48.1,5.4,6.2,0.018,54.2,WHITE
Dalton Schultz,HOU,TE,17,106,777,45.7,6.2,4.4,0.019,54.2,WHITE
Brock Bowers,LV,TE,12,86,680,56.7,6.5,4.8,0.047,54.0,WHITE
Dallas Goedert,PHI,TE,15,82,591,39.4,7.1,3.9,0.049,54.0,WHITE
Romeo Doubs,GB,WR,16,85,724,45.2,12.2,3.0,0.035,53.7,WHITE
Travis Kelce,KC,TE,17,108,851,50.1,6.8,5.6,0.065,53.6,WHITE
Rome Odunze,CHI,WR,12,90,661,55.1,13.9,4.9,0.022,53.2,WHITE
Davante Adams,LA,WR,14,114,789,56.4,12.6,2.0,0.044,53.1,WHITE
Tre Tucker,LV,WR,17,92,696,40.9,9.4,5.1,0.043,52.8,WHITE
Emeka Egbuka,TB,WR,17,127,938,55.2,12.1,5.3,0.071,52.8,WHITE
Keenan Allen,LAC,WR,17,122,777,45.7,8.4,2.9,0.049,52.6,WHITE
Ladd McConkey,LAC,WR,16,106,789,49.3,9.9,4.7,0.057,52.4,WHITE
DJ Moore,CHI,WR,17,85,682,40.1,11.5,4.4,0.035,52.3,WHITE
Brenton Strange,JAX,TE,12,60,540,45.0,6.9,5.4,0.067,52.1,WHITE
Jake Ferguson,DAL,TE,17,102,600,35.3,4.7,3.7,0.02,52.0,WHITE
Pat Freiermuth,PIT,TE,15,54,486,32.4,6.0,6.2,0.0,52.0,WHITE
Kayshon Boutte,NE,WR,14,46,551,39.4,17.0,1.2,0.022,52.0,WHITE
Michael Pittman,IND,WR,17,111,784,46.1,8.2,3.2,0.054,51.9,WHITE
Jakobi Meyers,JAX,WR,16,110,835,52.2,9.4,3.1,0.016,51.7,WHITE
Greg Dulcich,MIA,TE,9,33,335,37.2,4.8,7.7,0.0,51.7,WHITE
Tyquan Thornton,KC,WR,12,37,438,36.5,26.9,3.1,0.081,51.6,WHITE
AJ Barner,SEA,TE,17,68,519,30.5,4.5,5.2,0.029,51.4,WHITE
Troy Franklin,DEN,WR,17,104,709,41.7,12.7,4.3,0.038,51.3,WHITE
Marquise Brown,KC,WR,16,74,587,36.7,11.3,3.9,0.041,50.9,WHITE
Cade Otton,TB,TE,15,81,572,38.1,5.1,5.2,0.012,50.4,WHITE
Ryan Flournoy,DAL,WR,15,56,475,31.7,8.3,5.1,0.036,50.3,WHITE
Darius Slayton,NYG,WR,14,63,538,38.4,13.0,5.4,0.079,50.3,WHITE
Colby Parkinson,LA,TE,14,56,408,29.1,4.4,6.3,0.054,50.0,WHITE
Darren Waller,MIA,TE,9,34,283,31.4,10.6,3.0,0.0,49.9,WHITE
Xavier Worthy,KC,WR,14,73,532,38.0,12.1,4.6,0.014,49.8,WHITE
Mack Hollins,NE,WR,14,65,550,39.3,13.0,2.3,0.0,49.7,WHITE
Cooper Kupp,SEA,WR,16,70,593,37.1,7.4,6.2,0.043,49.7,WHITE
Jalen Coker,CAR,WR,11,43,394,35.8,10.0,3.1,0.0,49.6,WHITE
Jauan Jennings,SF,WR,15,90,643,42.9,10.1,3.3,0.033,49.3,WHITE
Ricky Pearsall,SF,WR,9,53,528,58.7,14.1,2.1,0.019,49.1,WHITE
Garrett Wilson,NYJ,WR,7,59,395,56.4,9.1,2.8,0.051,48.8,WHITE
Malik Nabers,NYG,WR,4,35,271,67.8,15.9,2.9,0.029,48.7,WHITE
Jordan Addison,MIN,WR,14,79,610,43.6,13.7,3.3,0.076,48.6,WHITE
KaVontae Turpin,DAL,WR,15,38,396,26.4,8.8,8.2,0.105,48.6,WHITE
Jake Tonges,SF,TE,10,46,293,29.3,5.1,4.2,0.0,48.5,WHITE
Darnell Washington,PIT,TE,13,43,364,28.0,5.4,7.4,0.093,48.4,WHITE
Tez Johnson,TB,WR,15,44,322,21.5,11.7,3.9,0.045,48.0,WHITE
Xavier Hutchinson,HOU,WR,16,57,428,26.8,10.2,4.2,0.035,48.0,WHITE
Kalif Raymond,DET,WR,15,30,289,19.3,5.6,6.5,0.0,48.0,WHITE
Jayden Higgins,HOU,WR,17,68,525,30.9,11.0,3.0,0.044,48.0,WHITE
Zach Ertz,WAS,TE,13,72,504,38.8,9.0,2.5,0.069,48.0,WHITE
Theo Johnson,NYG,TE,15,74,528,35.2,8.3,4.2,0.068,47.8,WHITE
Dawson Knox,BUF,TE,16,49,417,26.1,6.7,5.1,0.041,47.6,WHITE
Kendrick Bourne,SF,WR,14,53,551,39.4,11.0,4.5,0.113,47.5,WHITE
Greg Dortch,ARI,WR,12,33,206,17.2,1.8,6.7,0.03,47.3,WHITE
Josh Downs,IND,WR,16,88,566,35.4,7.2,2.5,0.045,47.0,WHITE
Keon Coleman,BUF,WR,12,59,404,33.7,11.1,2.3,0.051,46.8,WHITE
Elijah Higgins,ARI,TE,17,37,301,17.7,3.6,7.0,0.0,46.8,WHITE
Isaiah Likely,BAL,TE,12,36,307,25.6,8.0,4.3,0.028,46.7,WHITE
Sterling Shepard,TB,WR,13,53,371,28.5,8.5,3.8,0.0,46.7,WHITE
Malik Washington,MIA,WR,17,65,317,18.6,4.9,5.5,0.015,46.7,WHITE
Jalen Nailor,MIN,WR,17,53,444,26.1,12.5,3.9,0.019,46.6,WHITE
Cole Kmet,CHI,TE,16,48,347,21.7,8.8,5.0,0.042,46.6,WHITE
Tyler Higbee,LA,TE,10,36,281,28.1,5.9,5.6,0.083,46.4,WHITE
Devaughn Vele,NO,WR,9,39,293,32.6,11.1,1.4,0.0,46.2,WHITE
Matthew Golden,GB,WR,14,44,361,25.8,12.5,3.5,0.023,46.2,WHITE
David Njoku,CLE,TE,11,48,293,26.6,5.3,4.8,0.021,46.1,WHITE
Chimere Dike,TEN,WR,17,74,423,24.9,7.9,4.6,0.027,46.1,WHITE
Evan Engram,DEN,TE,16,76,461,28.8,4.4,6.0,0.105,46.1,WHITE
Rashid Shaheed,SEA,WR,18,92,687,38.2,11.7,2.2,0.0,45.9,WHITE
DeAndre Hopkins,BAL,WR,17,39,330,19.4,13.2,3.0,0.0,45.7,WHITE
Tre Harris,LAC,WR,16,43,324,20.2,7.7,4.6,0.023,45.7,WHITE
Mike Evans,TB,WR,8,62,368,46.0,13.3,1.2,0.032,45.6,WHITE
Calvin Ridley,TEN,WR,7,36,303,43.3,12.8,4.9,0.111,45.5,WHITE
Van Jefferson,TEN,WR,14,52,350,25.0,11.9,2.9,0.0,45.5,WHITE
Dontayvion Wicks,GB,WR,13,46,332,25.5,11.2,2.2,0.043,45.4,WHITE
JuJu Smith-Schuster,KC,WR,17,45,345,20.3,5.6,5.8,0.044,45.3,WHITE
Mark Andrews,BAL,TE,17,70,422,24.8,7.4,2.1,0.043,45.3,WHITE
Tommy Tremble,CAR,TE,15,37,249,16.6,4.4,6.1,0.054,45.3,WHITE
Pat Bryant,DEN,WR,13,49,378,29.1,8.3,4.7,0.061,45.3,WHITE
Jaylin Noel,HOU,WR,17,35,292,17.2,9.0,3.8,0.029,45.1,WHITE
Darnell Mooney,ATL,WR,15,72,443,29.5,13.9,2.3,0.069,45.0,WHITE
Noah Fant,CIN,TE,13,41,288,22.2,3.5,5.1,0.024,44.9,WHITE
Gunnar Helm,TEN,TE,16,55,357,22.3,5.6,3.6,0.036,44.9,WHITE
Davis Allen,LA,TE,15,33,208,13.9,3.9,5.7,0.091,44.7,WHITE
Elic Ayomanor,TEN,WR,16,89,515,32.2,12.2,2.8,0.056,44.6,WHITE
Andrei Iosivas,CIN,WR,15,58,435,29.0,10.3,3.1,0.086,44.4,WHITE
Jonnu Smith,PIT,TE,17,54,222,13.1,4.3,4.7,0.037,44.4,WHITE
Demarcus Robinson,SF,WR,14,35,276,19.7,13.5,1.6,0.029,44.1,WHITE
Isaiah Bond,CLE,WR,15,44,338,22.5,17.0,4.4,0.068,44.1,WHITE
Luke Musgrave,GB,TE,13,31,252,19.4,8.6,2.9,0.032,44.0,RED
Michael Mayer,LV,TE,13,50,328,25.2,4.8,5.6,0.02,43.9,RED
Adam Thielen,PIT,WR,14,35,186,13.3,9.5,3.1,0.0,43.5,RED
Brandin Cooks,BUF,WR,13,36,279,21.5,25.9,1.2,0.182,43.4,RED
Mason Taylor,NYJ,TE,13,65,369,28.4,5.9,3.0,0.123,43.3,RED
Cedric Tillman,CLE,WR,12,39,270,22.5,11.6,3.0,0.026,43.3,RED
Josh Palmer,BUF,WR,12,37,303,25.2,11.5,2.5,0.0,43.3,RED
Olamide Zaccheaus,CHI,WR,14,65,313,22.4,6.7,3.5,0.077,42.8,RED
Xavier Legette,CAR,WR,15,64,363,24.2,9.6,2.1,0.031,42.8,RED
Mike Gesicki,CIN,TE,12,42,307,25.6,10.0,2.3,0.024,42.7,RED
Jerry Jeudy,CLE,WR,17,106,602,35.4,12.2,3.3,0.094,42.6,RED
Jalen Tolbert,DAL,WR,12,34,203,16.9,12.0,2.6,0.029,42.5,RED
Jahan Dotson,PHI,WR,15,36,262,17.5,15.7,2.8,0.0,41.6,RED
Tyler Lockett,LV,WR,17,55,291,17.1,7.8,2.3,0.059,41.4,RED
Rashod Bateman,BAL,WR,13,38,224,17.2,12.3,2.1,0.079,41.4,RED
Adonai Mitchell,NYJ,WR,16,74,453,28.3,14.6,1.2,0.034,41.3,RED
Isaiah Williams,NYJ,WR,15,36,193,12.9,3.4,4.6,0.083,41.1,RED
Noah Gray,KC,TE,14,37,178,12.7,6.1,5.1,0.081,40.3,RED
David Sills,ATL,WR,12,36,191,15.9,10.9,3.1,0.139,40.3,RED
Jaylin Lane,WAS,WR,15,32,225,15.0,13.3,2.4,0.031,40.0,RED
Dyami Brown,JAX,WR,11,37,227,20.6,14.0,1.6,0.135,39.8,RED
Christian Kirk,HOU,WR,11,52,239,21.7,6.8,4.1,0.038,39.8,RED
Chris Godwin Jr.,TB,WR,9,51,360,40.0,,,,,AVOID
T.J. Hockenson,MIN,TE,15,66,438,29.2,,,,,AVOID
A.J. Brown,PHI,WR,15,121,1003,66.9,,,,,AVOID
Deebo Samuel Sr.,WAS,WR,16,99,727,45.4,,,,,AVOID
Ja'Marr Chase,CIN,WR,16,185,1412,88.2,,,,,AVOID
Amon-Ra St. Brown,DET,WR,17,172,1401,82.4,,,,,AVOID
John Metchie III,NYJ,WR,13,48,274,21.1,,,,,AVOID
Chig Okonkwo,TEN,TE,17,79,560,32.9,,,,,AVOID
Calvin Austin III,PIT,WR,14,55,372,26.6,,,,,AVOID
Wan'Dale Robinson,NYG,WR,16,140,1014,63.4,,,,,AVOID
DeMario Douglas,NE,WR,16,46,447,27.9,,,,,AVOID
Marvin Mims Jr.,DEN,WR,15,51,322,21.5,,,,,AVOID
Ja'Tavion Sanders,CAR,TE,12,34,190,15.8,,,,,AVOID
Marvin Harrison Jr.,ARI,WR,12,73,608,50.7,,,,,AVOID
Brian Thomas Jr.,JAX,WR,14,91,707,50.5,,,,,AVOID
Oronde Gadsden II,LAC,TE,15,69,664,44.3,,,,,AVOID
Dont'e Thornton Jr.,LV,WR,11,30,135,12.3,,,,,AVOID
Harold Fannin Jr.,CLE,TE,16,107,731,45.7,,,,,AVOID
Luther Burden III,CHI,WR,15,60,652,43.5,,,,,AVOID
