name,team,pa,xwoba,barrel_batted_rate,hard_hit_percent,k_percent,bb_percent,whiff_percent,SMASH,tier
"Miller, Mason",SD,142,0.177,1.7,20.3,48.6,9.2,47.7,81.3,ELITE
"Lee, Dylan",ATL,151,0.214,4.3,28.0,33.8,4.6,38.4,70.5,ELITE
"Misiorowski, Jacob",MIL,422,0.224,3.2,34.1,39.6,6.4,37.5,69.7,ELITE
"Duran, Jhoan",PHI,123,0.231,4.6,47.0,40.7,4.9,39.8,67.0,ELITE
"Varland, Louis",TOR,184,0.217,2.9,35.2,35.9,7.1,29.5,66.3,ELITE
"Scott, Tanner",LAD,141,0.254,7.0,29.1,34.8,3.5,35.7,66.0,ELITE
"Morejon, Adrian",SD,192,0.248,2.5,30.1,29.2,5.7,35.3,65.8,ELITE
"Miller, Bryce",SEA,215,0.236,6.4,28.4,30.2,4.2,28.8,64.0,ELITE
"Cease, Dylan",TOR,401,0.264,4.4,33.0,36.9,11.0,35.9,62.6,GREEN
"Hoffman, Jeff",TOR,175,0.271,7.6,30.1,36.0,8.6,38.2,62.5,GREEN
"Cruz, Fernando",NYY,162,0.27,5.6,21.1,29.6,13.6,40.9,61.8,GREEN
"Baker, Bryan",TB,140,0.246,5.7,31.0,29.3,7.9,31.1,61.4,GREEN
"Morillo, Juan",AZ,147,0.245,4.6,33.7,29.3,8.8,32.2,61.3,GREEN
"Rodriguez, Bradgley",SD,162,0.235,2.7,30.6,22.8,8.6,29.7,61.2,GREEN
"Iglesias, Raisel",ATL,124,0.257,4.9,32.9,28.2,5.6,29.5,61.2,GREEN
"Megill, Trevor",MIL,145,0.247,4.5,42.0,31.7,6.9,32.4,61.1,GREEN
"Okert, Steven",HOU,171,0.258,4.5,28.3,25.7,7.0,29.5,60.9,GREEN
"Luzardo, Jesús",PHI,463,0.269,5.3,30.5,29.4,7.6,32.5,60.8,GREEN
"Ohtani, Shohei",LAD,340,0.257,3.8,33.8,27.9,7.6,30.4,60.7,GREEN
"Whitlock, Garrett",BOS,120,0.281,5.1,33.3,30.0,5.0,29.6,60.3,GREEN
"Henriquez, Edgardo",LAD,141,0.246,3.3,28.9,24.8,9.2,26.4,59.9,GREEN
"Wheeler, Zack",PHI,333,0.257,6.1,36.2,29.4,6.0,29.7,59.9,GREEN
"Sisk, Evan",PIT,152,0.265,3.3,31.1,28.3,8.6,26.5,59.7,GREEN
"Vesia, Alex",LAD,129,0.255,4.5,34.8,33.3,15.5,37.6,59.5,GREEN
"Bednar, David",NYY,154,0.259,4.1,39.2,28.6,7.8,30.7,59.3,GREEN
"Skenes, Paul",PIT,420,0.259,6.0,37.6,29.3,5.5,27.8,59.2,GREEN
"Taylor, Grant",CWS,192,0.241,7.3,42.3,33.9,8.3,30.4,59.1,GREEN
"Uribe, Abner",MIL,148,0.258,2.0,30.3,23.6,9.5,26.6,59.1,GREEN
"Latz, Jacob",TEX,159,0.247,6.8,38.8,28.9,6.3,29.3,59.0,GREEN
"Skubal, Tarik",DET,276,0.279,7.8,38.0,30.4,3.6,31.0,58.9,GREEN
"Brazobán, Huascar",NYM,182,0.267,2.6,23.1,23.6,11.5,26.0,58.6,GREEN
"Fried, Max",NYY,240,0.253,1.8,30.8,20.8,7.9,23.2,58.5,GREEN
"Williams, Devin",NYM,142,0.278,6.2,30.9,31.0,12.0,35.7,58.5,GREEN
"Weaver, Luke",NYM,147,0.26,8.6,32.3,28.6,7.5,31.3,58.4,GREEN
"Sale, Chris",ATL,392,0.289,5.7,32.8,28.6,6.1,29.2,58.3,GREEN
"Kinley, Tyler",ATL,133,0.267,5.8,25.3,24.8,9.0,27.8,58.3,GREEN
"Morán, Jovani",BOS,147,0.263,8.4,29.8,30.6,11.6,35.0,58.3,GREEN
"Glasnow, Tyler",LAD,148,0.252,8.1,38.4,33.1,8.8,29.8,58.1,GREEN
"Harrison, Kyle",MIL,341,0.277,6.5,36.6,29.6,5.9,29.0,58.1,GREEN
"Headrick, Brent",NYY,188,0.271,5.0,38.3,27.7,8.5,33.2,58.1,GREEN
"Garcia, Rico",BAL,150,0.276,7.4,34.7,28.0,8.7,36.7,58.0,GREEN
"Alvarado, José",PHI,158,0.305,4.3,28.0,28.5,8.9,30.0,57.9,GREEN
"Schlittler, Cam",NYY,442,0.267,8.0,38.8,29.6,4.8,27.6,57.6,GREEN
"Mize, Casey",DET,280,0.271,6.8,34.6,25.7,5.7,28.7,57.5,GREEN
"Suarez, José",ATH,215,0.295,1.5,30.1,25.1,10.2,28.2,57.5,GREEN
"Morris, Andrew",MIN,179,0.269,3.3,33.3,24.6,7.3,23.1,57.4,GREEN
"Fuentes, Didier",ATL,147,0.277,4.3,37.6,27.9,7.5,27.1,57.3,GREEN
"Bender, Anthony",MIA,140,0.254,7.1,33.3,29.3,8.6,24.0,57.2,GREEN
"Suarez, Robert",ATL,121,0.282,3.4,33.0,21.5,5.0,24.0,57.1,GREEN
"Leiter Jr., Mark",ATH,135,0.316,3.4,31.0,25.9,7.4,29.8,56.9,GREEN
"Suarez, Ranger",BOS,376,0.283,5.2,31.1,25.8,6.9,24.2,56.8,GREEN
"Gray, Peyton",TEX,142,0.273,6.5,33.3,26.1,7.0,26.5,56.7,GREEN
"Roupp, Landen",SF,411,0.286,3.8,28.2,25.3,10.2,26.1,56.6,GREEN
"Messick, Parker",CLE,423,0.28,5.3,33.5,25.8,7.6,26.5,56.5,GREEN
"Rasmussen, Drew",TB,392,0.282,6.6,33.8,25.0,4.3,24.4,56.5,GREEN
"Woodruff, Brandon",MIL,174,0.264,7.8,34.5,27.0,5.7,23.6,56.5,GREEN
"Ashby, Aaron",MIL,239,0.272,4.4,39.7,30.1,12.1,31.9,56.5,GREEN
"Fluharty, Mason",TOR,158,0.267,7.1,30.6,27.2,10.1,28.1,56.5,GREEN
"Ashcraft, Braxton",PIT,439,0.278,6.0,40.6,27.8,5.7,27.4,56.5,GREEN
"Smith, Cade",CLE,173,0.284,10.0,44.9,35.3,6.4,34.3,56.5,GREEN
"Yamamoto, Yoshinobu",LAD,398,0.284,6.6,35.8,25.1,5.3,28.2,56.4,GREEN
"Wells, Tyler",BAL,174,0.294,6.8,34.7,25.9,5.7,29.7,56.3,GREEN
"Kerkering, Orion",PHI,155,0.271,6.5,23.9,25.8,12.9,28.1,56.2,GREEN
"deGrom, Jacob",TEX,401,0.289,8.9,44.0,30.4,5.5,34.4,55.9,WHITE
"Winn, Keaton",SF,119,0.289,4.8,27.7,21.8,7.6,24.5,55.8,WHITE
"Zeferjahn, Ryan",LAA,186,0.278,4.5,34.8,31.7,16.1,32.8,55.8,WHITE
"Klein, Will",LAD,154,0.28,3.1,36.1,26.6,9.1,22.8,55.7,WHITE
"Dreyer, Jack",LAD,148,0.277,7.5,39.4,29.1,6.8,27.3,55.7,WHITE
"Muñoz, Andrés",SEA,144,0.304,8.8,42.5,34.0,9.7,39.9,55.7,WHITE
"Yarbrough, Ryan",NYY,157,0.275,3.6,24.1,17.2,9.6,23.9,55.5,WHITE
"Sánchez, Cristopher",PHI,496,0.279,9.0,44.1,27.6,4.8,32.3,55.4,WHITE
"Seymour, Ian",TB,251,0.28,8.4,36.1,28.7,8.4,30.0,55.4,WHITE
"Weissert, Greg",BOS,149,0.279,3.9,31.4,22.1,8.1,22.3,55.4,WHITE
"Melton, Troy",DET,189,0.269,5.9,36.3,21.7,5.8,24.4,55.3,WHITE
"Jones, Jared",PIT,144,0.295,7.4,38.3,27.1,7.6,32.7,55.1,WHITE
"Bennett, Jake",BOS,182,0.268,6.5,35.5,19.2,4.4,24.1,55.1,WHITE
"Tolle, Payton",BOS,326,0.274,6.9,34.1,24.5,7.4,24.8,55.0,WHITE
"Loáisiga, Jonathan",AZ,138,0.278,3.7,32.4,15.9,5.1,22.2,54.9,WHITE
"Burns, Chase",CIN,413,0.278,9.2,37.4,28.6,9.0,31.7,54.8,WHITE
"McLean, Nolan",NYM,422,0.288,6.3,34.5,28.0,8.8,25.1,54.8,WHITE
"Montgomery, Mason",PIT,154,0.283,9.4,41.2,34.4,10.4,32.3,54.8,WHITE
"Sterner, Justin",ATH,168,0.265,8.5,43.7,23.8,5.4,30.6,54.7,WHITE
"Alexander, Tyler",TEX,164,0.275,3.5,35.7,21.3,7.3,20.8,54.6,WHITE
"Mayza, Tim",PHI,165,0.276,6.1,43.9,25.5,4.8,24.1,54.6,WHITE
"Soto, Gregory",PIT,158,0.284,6.3,35.8,27.8,10.1,27.4,54.6,WHITE
"Miles, Spencer",TOR,235,0.28,4.3,34.6,23.8,7.2,19.5,54.6,WHITE
"Newcomb, Sean",CWS,210,0.295,4.4,35.0,24.3,8.1,25.0,54.5,WHITE
"Detmers, Reid",LAA,452,0.287,8.0,38.1,27.2,7.7,28.7,54.3,WHITE
"Keller, Brad",PHI,135,0.284,4.6,31.8,23.7,9.6,22.5,54.2,WHITE
"Yesavage, Trey",TOR,298,0.275,5.6,35.7,22.8,10.7,29.3,54.2,WHITE
"Ferrer, José A.",SEA,163,0.272,5.1,35.6,19.6,6.1,21.6,54.2,WHITE
"Lynch IV, Daniel",KC,151,0.287,6.7,34.3,21.2,7.9,29.6,54.1,WHITE
"Gasser, Robert",MIL,183,0.289,6.4,29.6,21.9,7.7,23.6,54.1,WHITE
"Rogers, Tyler",TOR,173,0.263,1.5,26.1,12.1,7.5,13.6,53.9,WHITE
"Harris, Hogan",ATH,190,0.288,5.7,30.5,28.4,14.2,27.0,53.8,WHITE
"Eovaldi, Nathan",TEX,463,0.308,8.1,40.0,25.9,5.6,31.1,53.7,WHITE
"Hudson, Bryan",CWS,171,0.294,3.6,35.1,22.8,9.4,24.0,53.6,WHITE
"Bachman, Sam",LAA,171,0.29,7.4,32.7,23.4,11.1,32.5,53.6,WHITE
"Anderson, Drew",DET,239,0.285,8.3,41.1,28.5,8.8,29.7,53.6,WHITE
"Junis, Jakob",TEX,143,0.303,3.7,34.6,18.9,4.2,19.3,53.4,WHITE
"De Los Santos, Enyel",HOU,173,0.298,6.5,40.3,22.5,5.8,28.5,53.4,WHITE
"Raley, Brooks",NYM,142,0.299,5.6,33.3,25.4,9.2,23.7,53.3,WHITE
"Ryan, Joe",MIN,424,0.274,10.9,43.1,28.8,5.4,26.5,53.3,WHITE
"Criswell, Cooper",SEA,121,0.286,4.5,36.0,19.0,6.6,22.0,53.1,WHITE
"Kilian, Caleb",SF,163,0.294,8.3,36.1,28.8,10.4,28.5,53.1,WHITE
"Cano, Yennier",BAL,122,0.287,7.2,41.4,22.1,5.7,27.3,53.0,WHITE
"Brown, Ben",CHC,265,0.28,7.3,43.0,24.5,7.2,27.3,53.0,WHITE
"Gilbert, Logan",SEA,419,0.296,10.1,42.8,27.2,5.3,30.1,52.9,WHITE
"Woo, Bryan",SEA,424,0.292,7.0,43.1,24.1,4.7,24.5,52.8,WHITE
"Suter, Brent",LAA,223,0.314,5.7,28.7,20.6,6.7,22.4,52.8,WHITE
"Thompson, Ryan",AZ,144,0.292,3.7,33.6,17.4,6.3,19.5,52.8,WHITE
"Ureña, Walbert",LAA,354,0.283,5.4,32.3,22.0,13.0,28.1,52.7,WHITE
"Bachar, Lake",MIA,200,0.283,8.8,40.8,26.0,9.5,31.5,52.7,WHITE
"Adam, Jason",SD,134,0.288,6.9,36.3,16.4,6.0,28.6,52.6,WHITE
"Imanaga, Shota",CHC,415,0.298,10.5,36.0,24.1,6.3,30.3,52.6,WHITE
"Rodón, Carlos",NYY,194,0.297,5.2,35.7,26.8,13.4,28.8,52.6,WHITE
"Burke, Sean",CWS,411,0.3,7.5,36.5,25.8,8.0,24.4,52.3,WHITE
"Gray, Sonny",BOS,359,0.299,6.9,37.1,22.8,6.4,23.1,52.1,WHITE
"Nunez, Anthony",BAL,158,0.313,7.8,40.8,25.3,8.9,34.2,52.1,WHITE
"Ramírez, Yohan",PIT,223,0.3,5.6,31.2,26.0,13.9,26.4,52.1,WHITE
"Holton, Tyler",DET,174,0.302,5.5,38.3,19.5,5.7,23.8,52.0,WHITE
"Ginkel, Kevin",AZ,146,0.291,10.4,44.8,26.7,7.5,32.9,51.9,WHITE
"Holderman, Colin",CLE,132,0.275,8.9,50.0,28.8,8.3,29.1,51.9,WHITE
"Soroka, Michael",AZ,333,0.309,8.6,34.1,23.7,5.1,22.2,51.9,WHITE
"Sewald, Paul",AZ,130,0.281,13.1,41.7,28.5,6.2,28.7,51.9,WHITE
"Doval, Camilo",NYY,157,0.276,5.6,48.6,22.3,7.6,26.8,51.9,WHITE
"King, Bryan",HOU,166,0.292,2.6,35.9,18.7,8.4,18.3,51.8,WHITE
"Peralta, Freddy",NYM,445,0.301,5.0,39.3,22.0,8.8,26.0,51.8,WHITE
"Drohan, Shane",MIL,267,0.291,8.2,38.9,22.8,7.5,26.8,51.8,WHITE
"Sheehan, Emmet",LAD,329,0.308,9.9,38.5,26.1,7.6,30.8,51.8,WHITE
"Griffin, Foster",WSH,445,0.304,9.9,36.6,24.5,5.8,25.7,51.6,WHITE
"Senzatela, Antonio",COL,193,0.293,5.8,39.4,20.7,7.8,24.7,51.6,WHITE
"King, John",MIA,149,0.283,8.7,36.2,20.1,6.7,24.1,51.5,WHITE
"Gausman, Kevin",TOR,445,0.306,8.8,40.1,24.3,6.5,28.0,51.5,WHITE
"Silseth, Chase",LAA,150,0.308,10.1,32.6,27.3,12.7,33.9,51.5,WHITE
"Alcantara, Sandy",MIA,517,0.302,5.2,35.3,17.8,6.4,21.6,51.4,WHITE
"Cavalli, Cade",WSH,412,0.315,7.2,39.0,25.5,7.5,25.6,51.4,WHITE
"Bernardino, Brennan",COL,161,0.311,5.0,28.9,16.1,6.8,20.5,51.4,WHITE
"Alvarez, Andrew",WSH,201,0.313,4.7,41.7,25.4,10.4,27.6,51.3,WHITE
"Meyer, Max",MIA,446,0.302,8.5,41.8,26.0,8.5,28.5,51.1,WHITE
"Jump, Gage",ATH,181,0.312,5.6,38.7,22.7,7.2,22.6,51.1,WHITE
"O'Brien, Riley",STL,157,0.324,5.9,38.8,22.9,7.6,26.9,51.0,WHITE
"Lambert, Peter",HOU,331,0.293,6.8,38.2,22.4,9.7,25.6,51.0,WHITE
"Blackburn, Paul",NYY,187,0.294,6.6,32.4,18.7,8.0,20.9,51.0,WHITE
"Perkins, Jack",ATH,264,0.318,8.1,39.4,27.3,8.7,27.2,50.9,WHITE
"Medina, Luis",ATH,183,0.318,7.5,38.2,26.8,12.0,31.8,50.7,WHITE
"Strider, Spencer",ATL,165,0.291,11.2,36.7,27.9,12.1,30.7,50.6,WHITE
"McDonald, Trevor",SF,266,0.312,3.8,38.2,18.8,7.5,21.8,50.6,WHITE
"Soriano, José",LAA,446,0.32,8.4,37.0,25.8,11.4,32.5,50.5,WHITE
"Webb, Jacob",CHC,171,0.318,8.3,45.9,27.5,8.8,32.3,50.5,WHITE
"Moll, Sam",CIN,168,0.318,6.8,31.0,25.0,11.9,24.5,50.4,WHITE
"Mejia, Juan",COL,190,0.318,4.1,39.3,23.2,11.6,27.2,50.4,WHITE
"Elder, Bryce",ATL,435,0.303,5.4,39.8,19.8,7.4,22.3,50.4,WHITE
"Petersen, Michael",MIA,158,0.284,11.8,46.2,30.4,9.5,28.8,50.2,WHITE
"Winn, Cole",TEX,139,0.33,6.2,42.3,23.0,6.5,26.6,50.2,WHITE
"Hart, Kyle",SD,134,0.305,7.6,31.5,20.9,8.2,19.7,50.1,WHITE
"Pallante, Andre",STL,423,0.301,6.1,35.1,17.0,6.9,20.6,50.1,WHITE
"Ginn, J.T.",ATH,411,0.312,6.5,34.7,20.9,10.5,26.4,50.1,WHITE
"Kirby, George",SEA,456,0.305,7.2,42.5,21.5,5.3,21.6,50.0,WHITE
"McClanahan, Shane",TB,354,0.31,8.7,39.4,23.2,7.9,26.7,50.0,WHITE
"Wacha, Michael",KC,487,0.315,6.3,36.4,19.7,7.0,21.9,49.9,WHITE
"Cole, Gerrit",NYY,207,0.289,9.4,39.6,22.7,5.3,17.8,49.8,WHITE
"Nance, Tommy",TOR,139,0.323,7.6,35.9,24.5,9.4,25.1,49.8,WHITE
"Richards, Trevor",CWS,142,0.297,8.3,41.7,24.6,7.7,21.2,49.7,WHITE
"Stanek, Ryne",STL,155,0.317,8.5,35.1,25.2,12.9,30.7,49.6,WHITE
"Webb, Logan",SF,412,0.309,5.3,40.9,19.4,6.3,19.9,49.6,WHITE
"Cantillo, Joey",CLE,408,0.313,8.0,36.5,23.5,11.5,28.9,49.6,WHITE
"Scott, Christian",NYM,233,0.329,8.0,35.0,27.9,11.2,25.4,49.6,WHITE
"Nola, Aaron",PHI,405,0.319,9.3,38.8,23.2,7.2,26.8,49.5,WHITE
"May, Dustin",STL,369,0.302,6.7,46.9,23.0,6.5,22.4,49.5,WHITE
"Hall, DL",MIL,126,0.307,5.9,30.4,25.4,19.0,29.6,49.4,WHITE
"Anderson, Grant",MIL,157,0.283,7.3,38.5,19.7,10.8,24.1,49.4,WHITE
"Matsui, Yuki",SD,137,0.312,11.3,34.6,25.5,14.6,37.9,49.4,WHITE
"Peralta, Wandy",SD,195,0.315,3.5,34.3,15.9,9.7,21.7,49.4,WHITE
"Patrick, Chad",MIL,293,0.315,7.3,38.0,20.8,9.2,26.0,49.1,WHITE
"Warren, Will",NYY,410,0.319,7.1,39.9,22.9,7.6,22.2,49.1,WHITE
"Blubaugh, AJ",HOU,244,0.314,8.3,34.2,23.0,11.9,27.4,49.1,WHITE
"Kolek, Stephen",KC,224,0.303,6.9,36.9,15.2,5.4,19.8,49.1,WHITE
"Bradley, Taj",MIN,403,0.302,10.0,45.8,27.8,9.4,27.5,49.1,WHITE
"Mahle, Tyler",SF,308,0.315,7.7,34.8,22.4,9.4,21.9,49.0,WHITE
"Holmes, Clay",NYM,215,0.306,5.3,44.0,20.9,8.4,21.9,48.9,WHITE
"Bradish, Kyle",BAL,429,0.306,8.8,36.6,23.5,11.2,25.6,48.8,WHITE
"Orze, Eric",MIN,189,0.313,7.0,29.2,19.0,11.1,21.8,48.8,WHITE
"De Jesus, Enmanuel",DET,134,0.303,6.7,44.4,23.1,9.7,24.1,48.8,WHITE
"Gore, MacKenzie",TEX,433,0.309,8.6,44.6,25.6,9.2,25.7,48.6,WHITE
"Martin, Davis",CWS,417,0.323,6.7,44.8,22.1,7.4,25.6,48.6,WHITE
"King, Michael",SD,443,0.329,8.0,33.4,20.8,9.7,25.7,48.5,WHITE
"Bazardo, Eduard",SEA,162,0.31,8.1,40.5,22.8,8.0,21.5,48.5,WHITE
"López, Reynaldo",ATL,239,0.327,6.2,34.6,21.3,10.0,22.0,48.5,WHITE
"Banda, Anthony",MIN,156,0.325,7.1,39.0,21.2,9.6,26.7,48.4,WHITE
"Rogers, Taylor",MIN,154,0.326,6.5,29.6,19.5,9.1,18.0,48.4,WHITE
"Weathers, Ryan",NYY,386,0.331,10.8,42.7,26.9,7.0,27.1,48.3,WHITE
"Manaea, Sean",NYM,329,0.318,8.1,39.9,22.5,7.3,21.0,48.3,WHITE
"Lord, Brad",WSH,248,0.316,6.0,40.8,21.0,8.5,20.7,48.2,WHITE
"Bruihl, Justin",STL,196,0.316,3.5,36.6,15.3,8.7,18.4,48.2,WHITE
"Montero, Keider",DET,373,0.295,7.6,38.3,16.1,5.6,16.4,48.1,WHITE
"Festa, Matt",CLE,169,0.328,9.5,40.5,22.5,7.1,26.3,48.1,WHITE
"Romero, JoJo",STL,176,0.327,7.0,43.1,23.9,8.5,23.7,48.1,WHITE
"Strahm, Matt",KC,131,0.299,7.4,36.8,16.8,9.2,21.6,47.9,WHITE
"Hancock, Emerson",SEA,384,0.322,9.5,43.6,24.0,6.3,23.4,47.9,WHITE
"Prielipp, Connor",MIN,294,0.318,9.4,39.6,24.1,8.5,22.5,47.8,WHITE
"Soriano, George",STL,158,0.32,9.2,39.8,20.3,10.1,30.5,47.7,WHITE
"Rolison, Ryan",CHC,139,0.308,6.8,43.0,25.2,11.5,21.5,47.7,WHITE
"Martinez, Nick",TB,408,0.333,7.4,33.1,15.0,4.4,18.1,47.7,WHITE
"Rogers, Trevor",BAL,382,0.32,6.8,39.5,18.1,8.1,22.8,47.6,WHITE
"Wrobleski, Justin",LAD,399,0.314,7.6,42.9,18.3,5.0,19.5,47.6,WHITE
"Junk, Janson",MIA,276,0.309,6.7,41.1,17.4,6.2,17.9,47.5,WHITE
"Teng, Kai-Wei",HOU,280,0.33,7.1,40.7,22.5,10.0,25.2,47.5,WHITE
"Williams, Gavin",CLE,460,0.324,11.9,48.6,29.1,8.0,29.6,47.5,WHITE
"Jax, Griffin",TB,266,0.346,10.9,41.7,25.6,8.3,31.5,47.5,WHITE
"Lopez, Jacob",ATH,257,0.312,4.4,30.9,16.3,13.2,19.5,47.4,WHITE
"Valdez, Framber",DET,469,0.317,6.6,41.4,18.6,7.7,21.1,47.4,WHITE
"Pérez, Eury",MIA,323,0.316,13.8,39.3,27.6,9.9,28.7,47.3,WHITE
"Flaherty, Jack",DET,347,0.321,8.1,47.2,26.5,10.7,26.5,47.2,WHITE
"Herrin, Tim",CLE,139,0.318,9.0,34.8,19.4,13.7,31.6,47.2,WHITE
"Boyd, Matthew",CHC,168,0.329,10.9,50.0,26.2,7.1,30.4,47.2,WHITE
"Young, Brandon",BAL,336,0.322,6.3,41.7,18.5,8.9,23.4,47.1,WHITE
"Bassitt, Chris",BAL,261,0.344,4.1,34.5,14.2,8.4,21.2,47.0,WHITE
"Ober, Bailey",MIN,300,0.322,9.7,33.5,17.0,6.3,19.9,47.0,WHITE
"Bubic, Kris",KC,207,0.328,7.8,39.5,24.6,12.6,26.1,47.0,WHITE
"Severino, Luis",ATH,271,0.318,8.7,38.7,24.0,11.4,23.0,46.9,WHITE
"Rocker, Kumar",TEX,362,0.33,7.5,42.5,20.4,8.8,25.5,46.9,WHITE
"Brubaker, JT",SF,180,0.325,5.4,35.7,17.2,11.1,21.8,46.8,WHITE
"Pérez, Martín",ATL,333,0.33,6.8,36.3,18.6,9.6,22.0,46.8,WHITE
"Schreiber, John",KC,148,0.322,6.6,40.2,18.2,8.8,21.5,46.7,WHITE
"Early, Connelly",BOS,390,0.321,10.6,40.9,23.8,8.7,23.7,46.6,WHITE
"Arrighetti, Spencer",HOU,356,0.349,8.2,31.4,22.8,12.4,25.5,46.6,WHITE
"Englert, Mason",TB,134,0.332,12.5,37.9,20.9,5.2,24.4,46.6,WHITE
"Cecconi, Slade",CLE,429,0.329,7.9,37.7,17.9,7.2,20.4,46.5,WHITE
"Avila, Luinder",KC,224,0.327,6.9,33.8,21.0,13.8,23.9,46.5,WHITE
"Springs, Jeffrey",ATH,430,0.33,9.9,34.9,19.5,8.6,23.7,46.5,WHITE
"Dollander, Chase",COL,189,0.307,9.9,52.1,24.9,9.5,28.0,46.4,WHITE
"Parker, Mitchell",WSH,178,0.347,8.5,41.9,19.1,7.3,28.1,46.3,WHITE
"Cameron, Noah",KC,396,0.34,9.3,38.7,20.7,7.6,23.8,46.3,WHITE
"Kelly, Kevin",TB,160,0.322,7.6,47.5,19.4,4.4,17.9,46.2,WHITE
"Castillo, Luis",SEA,365,0.329,9.0,44.3,21.1,7.4,24.0,46.2,WHITE
"Sproat, Brandon",MIL,336,0.331,8.7,43.4,25.0,11.0,25.6,46.2,WHITE
"Fisher, Braydon",TOR,183,0.306,13.2,40.4,25.1,11.5,27.7,46.1,WHITE
"Schultz, Paxton",WSH,143,0.335,9.1,37.4,21.7,7.7,19.0,46.1,WHITE
"Kikuchi, Yusei",LAA,142,0.34,8.5,42.6,23.2,9.9,25.9,46.0,WHITE
"Chandler, Bubba",PIT,400,0.32,6.8,37.3,19.8,13.0,22.6,45.9,WHITE
"Myers, Tobias",NYM,190,0.324,5.6,45.8,17.4,6.8,18.1,45.8,WHITE
"Ray, Robbie",SF,420,0.329,9.4,37.5,20.5,11.0,25.0,45.6,WHITE
"Leiter, Jack",TEX,355,0.337,10.3,39.9,23.4,9.9,25.4,45.6,WHITE
"Burke, Brock",CIN,187,0.329,9.6,32.2,20.3,14.4,27.8,45.6,WHITE
"Bibee, Tanner",CLE,430,0.336,9.9,42.7,19.5,7.0,25.3,45.6,WHITE
"Baz, Shane",BAL,460,0.328,7.7,41.2,19.6,9.1,21.0,45.6,WHITE
"Domínguez, Seranthony",CWS,139,0.352,9.1,39.7,28.1,14.4,29.4,45.5,WHITE
"Clarke, Taylor",AZ,154,0.333,9.8,35.2,13.6,5.2,20.9,45.5,WHITE
"Faucher, Calvin",MIA,171,0.325,4.9,42.7,22.8,15.2,23.4,45.5,WHITE
"Buehler, Walker",SD,375,0.326,9.2,42.3,21.3,8.3,20.8,45.4,WHITE
"Suárez, Albert",BAL,167,0.328,9.5,39.7,16.8,7.8,24.1,45.4,WHITE
"Crochet, Garrett",BOS,138,0.344,10.7,45.3,26.8,8.0,24.0,45.4,WHITE
"Matthews, Zebby",MIN,249,0.326,12.8,40.0,20.5,6.4,23.5,45.3,WHITE
"Holmes, Grant",ATL,376,0.329,8.9,43.4,20.2,10.4,26.9,45.3,WHITE
"Burrows, Mike",HOU,423,0.336,8.4,38.8,17.7,8.3,21.6,45.1,WHITE
"Sulser, Cole",TB,172,0.341,12.8,41.5,23.8,7.6,26.2,45.0,WHITE
"Mlodzinski, Carmen",PIT,334,0.333,7.4,45.3,18.6,7.8,21.4,44.9,WHITE
"Paddack, Chris",TEX,267,0.342,8.4,36.9,15.0,7.1,21.4,44.9,WHITE
"Marinaccio, Ron",SD,192,0.345,8.1,41.5,18.8,9.4,25.6,44.9,WHITE
"Abbott, Andrew",CIN,438,0.336,8.0,39.3,18.5,10.3,23.1,44.8,WHITE
"Painter, Andrew",PHI,299,0.348,9.6,35.2,17.7,8.0,22.3,44.8,WHITE
"Pfaadt, Brandon",AZ,209,0.325,10.7,39.6,18.7,8.6,23.0,44.8,WHITE
"Legumina, Casey",TB,164,0.345,9.2,38.8,17.1,6.7,21.5,44.7,WHITE
"Kuhnel, Joel",MIL,157,0.355,6.0,39.5,14.0,7.6,22.6,44.6,WHITE
"Gordon, Tanner",COL,205,0.339,12.9,45.6,22.4,4.9,24.0,44.6,WHITE
"Hill, Tim",NYY,142,0.313,5.2,44.3,11.3,4.9,12.0,44.6,WHITE
"Barlow, Scott",ATH,153,0.359,9.3,36.1,19.0,13.1,33.1,44.5,WHITE
"Finnegan, Kyle",DET,177,0.317,6.7,42.5,18.1,14.1,25.2,44.4,WHITE
"Quantrill, Cal",TEX,170,0.339,10.3,35.7,15.9,7.1,20.7,44.3,WHITE
"Erceg, Lucas",KC,160,0.318,5.4,40.2,15.6,13.1,20.9,44.3,WHITE
"Kay, Anthony",CWS,403,0.35,8.3,38.8,17.6,8.7,22.5,44.2,WHITE
"McCullers Jr., Lance",HOU,172,0.329,8.6,50.5,25.0,12.8,27.8,44.2,WHITE
"Farris, Mitch",LAA,161,0.356,8.8,44.9,23.6,11.2,28.4,44.2,WHITE
"Milner, Hoby",CHC,149,0.351,5.9,37.8,12.1,6.0,17.1,44.1,WHITE
"Feltner, Ryan",COL,267,0.346,9.7,39.0,17.6,9.0,24.7,44.0,WHITE
"Sasaki, Roki",LAD,352,0.332,12.8,44.9,22.7,9.4,28.1,44.0,RED
"Imai, Tatsuya",HOU,233,0.345,10.5,45.9,27.0,14.2,31.1,43.8,RED
"Ritchie, JR",ATL,200,0.337,7.9,38.9,21.0,14.0,23.5,43.8,RED
"Santana, Dennis",PIT,177,0.345,9.3,39.8,20.3,11.9,26.1,43.8,RED
"Corbin, Patrick",TOR,338,0.354,7.7,42.6,17.5,7.1,20.6,43.8,RED
"Scholtens, Jesse",TB,164,0.346,10.8,37.5,18.3,6.7,19.3,43.8,RED
"Fedde, Erick",CWS,375,0.334,7.2,38.7,15.2,9.1,17.7,43.7,RED
"Cabrera, Edward",CHC,309,0.338,11.8,42.7,21.0,9.4,26.4,43.7,RED
"Phillips, Tyler",MIA,318,0.337,8.0,44.2,17.3,10.7,25.8,43.7,RED
"Rodriguez, Eduardo",AZ,437,0.343,9.2,37.2,16.9,8.7,19.7,43.6,RED
"McGreevy, Michael",STL,401,0.353,9.3,40.4,16.5,5.7,19.4,43.5,RED
"Peterson, David",CHC,382,0.352,6.7,43.0,18.3,9.7,21.4,43.5,RED
"Lovelady, Richard",WSH,146,0.361,6.5,32.6,18.5,14.4,22.9,43.4,RED
"Keller, Mitch",PIT,443,0.354,7.4,42.6,17.4,7.9,20.0,43.3,RED
"Irvin, Jake",WSH,228,0.349,12.0,45.8,25.4,9.6,25.7,43.2,RED
"Singer, Brady",CIN,402,0.358,10.5,41.8,18.9,7.7,24.9,43.2,RED
"Quintana, Jose",COL,181,0.343,8.4,32.9,11.0,9.4,21.1,43.1,RED
"Canning, Griffin",SD,247,0.333,8.8,47.5,22.3,12.1,24.2,43.1,RED
"Liberatore, Matthew",STL,390,0.357,10.0,41.6,21.0,9.0,22.6,43.0,RED
"Nelson, Ryne",AZ,355,0.349,10.2,43.4,17.5,6.2,21.0,43.0,RED
"Ragans, Cole",KC,151,0.344,15.7,39.8,29.8,15.2,31.7,42.7,RED
"Lange, Alex",KC,171,0.34,11.2,41.1,21.6,12.9,26.6,42.6,RED
"Taillon, Jameson",CHC,287,0.357,14.3,38.4,20.6,8.0,26.4,42.5,RED
"Abreu, Bryan",HOU,137,0.345,8.5,49.3,27.7,18.2,32.1,42.5,RED
"Houser, Adrian",SF,354,0.345,9.0,41.0,15.5,7.6,18.7,42.5,RED
"Mikolas, Miles",WSH,384,0.341,9.0,40.6,13.0,4.9,14.7,42.5,RED
"Freeland, Kyle",COL,378,0.365,11.3,44.6,18.5,4.8,22.5,42.4,RED
"Lauer, Eric",LAD,325,0.341,10.9,35.5,14.5,8.3,18.4,42.1,RED
"Civale, Aaron",ATH,327,0.348,9.7,45.6,16.5,6.7,20.2,42.0,RED
"Svanson, Matt",STL,185,0.362,7.3,46.0,21.6,10.3,19.4,41.9,RED
"Lodolo, Nick",CIN,257,0.374,8.2,39.3,17.9,9.3,20.8,41.9,RED
"Senga, Kodai",NYM,181,0.353,13.2,38.7,25.4,14.9,28.5,41.7,RED
"Gómez, Yoendrys",MIN,183,0.347,10.5,46.2,20.2,10.4,24.5,41.7,RED
"Warren, Austin",NYM,157,0.35,13.4,42.4,23.6,11.5,26.3,41.6,RED
"Lugo, Seth",KC,431,0.355,10.2,42.9,18.6,7.4,18.1,41.6,RED
"Aldegheri, Sam",LAA,151,0.355,9.0,35.1,14.6,11.3,20.4,41.4,RED
"Lowder, Rhett",CIN,309,0.359,9.8,39.3,18.8,10.7,20.6,41.3,RED
"Lorenzen, Michael",COL,441,0.356,8.5,46.2,16.3,7.9,19.7,41.2,RED
"Assad, Javier",CHC,224,0.332,7.4,49.1,14.7,6.7,13.1,41.2,RED
"Agnos, Zach",COL,255,0.358,8.9,42.9,14.9,9.0,21.6,41.0,RED
"Kochanowicz, Jack",LAA,296,0.359,7.4,42.8,15.9,12.2,23.6,41.0,RED
"Matz, Steven",TB,230,0.366,13.0,36.1,17.8,8.3,21.3,40.8,RED
"Santillan, Tony",CIN,134,0.348,11.1,46.7,20.9,10.4,22.4,40.8,RED
"Rea, Colin",CHC,417,0.363,10.5,41.1,16.8,8.6,20.2,40.6,RED
"Watson, Ryan",BOS,210,0.376,12.0,39.7,18.1,8.6,23.9,40.5,RED
"Lawrence, Justin",WSH,167,0.375,9.5,44.2,24.6,15.0,26.2,40.3,RED
"Bello, Brayan",BOS,282,0.377,9.9,44.1,15.6,8.5,24.5,40.1,RED
"Leahy, Kyle",STL,378,0.359,11.3,50.4,19.3,8.7,22.0,39.4,RED
"Schultz, Noah",CWS,210,0.372,12.1,37.6,20.5,13.8,22.3,38.7,RED
"Pérez, Cionel",NYM,152,0.364,13.1,50.9,20.4,8.6,23.3,38.6,RED
"Márquez, Germán",SD,161,0.361,9.3,44.1,14.9,11.2,19.5,38.5,RED
"Gallen, Zac",AZ,440,0.383,11.0,44.7,13.9,7.0,19.0,37.7,RED
"Woods Richardson, Simeon",TOR,265,0.369,8.5,43.0,11.7,12.1,18.4,36.9,AVOID
"Littell, Zack",WSH,369,0.384,11.1,46.4,14.1,7.0,17.1,36.7,AVOID
"Vásquez, Randy",SD,369,0.398,12.9,47.3,16.3,7.3,20.4,35.8,AVOID
"Poulin, PJ",WSH,146,0.358,9.9,45.6,15.1,13.7,16.3,35.8,AVOID
"Gibson, Trey",BAL,161,0.391,9.6,47.6,18.6,15.5,22.7,35.1,AVOID
"Sugano, Tomoyuki",COL,358,0.397,14.0,44.6,13.4,6.4,17.5,34.6,AVOID
"Varland, Gus",WSH,148,0.387,15.7,50.5,20.3,10.1,22.3,34.3,AVOID
"Kelly, Merrill",AZ,411,0.405,14.1,43.7,14.4,9.2,21.4,34.1,AVOID
"Graceffo, Gordon",STL,178,0.367,12.2,47.3,13.5,11.8,15.8,33.7,AVOID
